,ball,mass,x,y,vx,vy,collision,t,container
0,0.0,5e-26,168.4598559698635,-27.575963440812444,-191.2235628950736,200.9304473144656,0.0,0.0,0.0
1,1.0,5e-26,7.811807762166609,-156.06628691638173,-327.08236427869144,264.8218647674852,0.0,0.0,0.0
2,2.0,5e-26,-130.9050472922899,95.61310109983106,214.50465346727992,-54.739819133865524,0.0,0.0,0.0
3,3.0,5e-26,166.70512725086274,-45.37642632350446,8.07870890481712,-282.3784112403773,0.0,0.0,0.0
4,4.0,5e-26,71.88673230949746,34.22144090752556,-6.582924868380303,-150.73216238146347,0.0,0.0,0.0
5,5.0,5e-26,-177.5759834035955,-6.599076897186791,220.20124805012233,385.4210635590731,0.0,0.0,0.0
6,6.0,5e-26,-192.3593100733208,4.721834989260287,379.77297528598933,-231.38983354933873,0.0,0.0,0.0
7,7.0,5e-26,-28.210009932743247,43.098720373042966,-376.54921883809055,452.2603712663806,0.0,0.0,0.0
8,8.0,5e-26,-17.799137110478824,117.14560037906881,-280.0667920791993,-419.31086332348667,0.0,0.0,0.0
9,9.0,5e-26,91.54589429518614,-29.03198220008889,-298.93983330437624,-151.53881702635329,0.0,0.0,0.0
10,0.0,5e-26,131.14088566998652,11.637391242804945,-191.2235628950736,200.9304473144656,1.0,0.19515884828667426,0.0
11,1.0,5e-26,-56.02120974534526,-104.38395678722992,-327.08236427869144,264.8218647674852,1.0,0.19515884828667426,0.0
12,2.0,5e-26,-89.0425661694834,84.930141042245,214.50465346727992,-54.739819133865524,1.0,0.19515884828667426,0.0
13,3.0,5e-26,168.28175877637014,-100.48507184219737,-252.42434730126382,-126.82579217863916,1.0,0.19515884828667426,1.0
14,4.0,5e-26,70.60201627382665,4.804725697399181,-6.582924868380303,-150.73216238146347,1.0,0.19515884828667426,0.0
15,5.0,5e-26,-134.60176144284534,68.61925397242699,220.20124805012233,385.4210635590731,1.0,0.19515884828667426,0.0
16,6.0,5e-26,-118.24325360610352,-40.43593843147392,379.77297528598933,-231.38983354933873,1.0,0.19515884828667426,0.0
17,7.0,5e-26,-101.69692180443187,131.36133355509352,-376.54921883809055,452.2603712663806,1.0,0.19515884828667426,0.0
18,8.0,5e-26,-72.45664969599882,35.31337521876607,-280.0667920791993,-419.31086332348667,1.0,0.19515884828667426,0.0
19,9.0,5e-26,33.20514072049369,-58.606123201677065,-298.93983330437624,-151.53881702635329,1.0,0.19515884828667426,0.0
20,0.0,5e-26,121.4287864254842,21.842495760343496,-191.2235628950736,200.9304473144656,2.0,0.24594808731905984,0.0
21,1.0,5e-26,-72.63347412797353,-90.93385579655202,-327.08236427869144,264.8218647674852,2.0,0.24594808731905984,0.0
22,2.0,5e-26,-78.14803805097468,82.14994728366555,214.50465346727992,-54.739819133865524,2.0,0.24594808731905984,0.0
23,3.0,5e-26,155.46131826369233,-106.92645731662994,-252.42434730126382,-126.82579217863916,2.0,0.24594808731905984,0.0
24,4.0,5e-26,70.26767452915425,-2.850846127661324,-6.582924868380303,-150.73216238146347,2.0,0.24594808731905984,0.0
25,5.0,5e-26,-123.41790762039805,88.19449649764503,220.20124805012233,385.4210635590731,2.0,0.24594808731905984,0.0
26,6.0,5e-26,-98.95487318626314,-52.188051997275196,379.77297528598933,-231.38983354933873,2.0,0.24594808731905984,0.0
27,7.0,5e-26,-120.82157008745772,154.33129365621718,348.6644921879121,-474.09052881588536,2.0,0.24594808731905984,1.0
28,8.0,5e-26,-86.6810289439427,14.016895552553546,-280.0667920791993,-419.31086332348667,2.0,0.24594808731905984,0.0
29,9.0,5e-26,18.022214070496226,-66.30266440231347,-298.93983330437624,-151.53881702635329,2.0,0.24594808731905984,0.0
30,0.0,5e-26,93.12967163985618,51.5781293108997,-191.2235628950736,200.9304473144656,3.0,0.39393777204821656,0.0
31,1.0,5e-26,-121.03829009804426,-51.742951520224516,-9.280949585070807,98.6909252039976,3.0,0.39393777204821656,0.0
32,2.0,5e-26,-46.403562011414905,74.04901870791373,214.50465346727992,-54.739819133865524,3.0,0.39393777204821656,0.0
33,3.0,5e-26,118.10511868861514,-125.69536631667229,-252.42434730126382,-126.82579217863916,3.0,0.39393777204821656,0.0
34,4.0,5e-26,69.29346955328693,-25.15765131703816,-6.582924868380303,-150.73216238146347,3.0,0.39393777204821656,0.0
35,5.0,5e-26,-90.83039434449361,145.23283818172854,220.20124805012233,385.4210635590731,3.0,0.39393777204821656,0.0
36,6.0,5e-26,-42.75239030503575,-86.43136051377388,379.77297528598933,-231.38983354933873,3.0,0.39393777204821656,0.0
37,7.0,5e-26,-69.22282181231708,84.17078576367513,348.6644921879121,-474.09052881588536,3.0,0.39393777204821656,0.0
38,8.0,5e-26,-128.12802520684968,-48.036786914199766,-597.8682067728199,-253.17992375999907,3.0,0.39393777204821656,0.0
39,9.0,5e-26,-26.21779761320508,-88.72884615827286,-298.93983330437624,-151.53881702635329,3.0,0.39393777204821656,0.0
40,0.0,5e-26,93.12967163985549,51.57812931090044,-191.2235628950736,200.9304473144656,4.0,0.3939377720482202,0.0
41,1.0,5e-26,-121.03829009804429,-51.74295152022415,-327.08236427887505,264.82186476747256,4.0,0.3939377720482202,0.0
42,2.0,5e-26,-46.40356201141412,74.04901870791353,214.50465346727992,-54.739819133865524,4.0,0.3939377720482202,0.0
43,3.0,5e-26,118.10511868861421,-125.69536631667276,-252.42434730126382,-126.82579217863916,4.0,0.3939377720482202,0.0
44,4.0,5e-26,69.2934695532869,-25.15765131703871,-6.582924868380303,-150.73216238146347,4.0,0.3939377720482202,0.0
45,5.0,5e-26,-90.8303943444928,145.23283818172996,220.20124805012233,385.4210635590731,4.0,0.3939377720482202,0.0
46,6.0,5e-26,-42.75239030503436,-86.43136051377473,379.77297528598933,-231.38983354933873,4.0,0.3939377720482202,0.0
47,7.0,5e-26,-69.2228218123158,84.1707857636734,348.6644921879121,-474.09052881588536,4.0,0.3939377720482202,0.0
48,8.0,5e-26,-128.12802520685187,-48.0367869142007,-280.06679207901567,-419.310863323474,4.0,0.3939377720482202,0.0
49,9.0,5e-26,-26.217797613206173,-88.72884615827341,-298.93983330437624,-151.53881702635329,4.0,0.3939377720482202,0.0
50,0.0,5e-26,90.69600341796361,54.13533532168925,-191.2235628950736,200.9304473144656,5.0,0.4066645939160214,0.0
51,1.0,5e-26,-125.20100908432077,-48.3726108206296,-327.08236427887505,264.82186476747256,5.0,0.4066645939160214,0.0
52,2.0,5e-26,-43.673599496921625,73.35235478072117,214.50465346727992,-54.739819133865524,5.0,0.4066645939160214,0.0
53,3.0,5e-26,114.89255898541505,-127.30945558197307,-252.42434730126382,-126.82579217863916,5.0,0.4066645939160214,0.0
54,4.0,5e-26,69.2096898411179,-27.075992697416076,-6.582924868380303,-150.73216238146347,5.0,0.4066645939160214,0.0
55,5.0,5e-26,-88.0279322854914,150.13802340174476,220.20124805012233,385.4210635590731,5.0,0.4066645939160214,0.0
56,6.0,5e-26,-37.91908729836472,-89.37621770737734,-294.1546391240222,-122.0458788316393,5.0,0.4066645939160214,0.0
57,7.0,5e-26,-64.7854309286129,78.13712005422197,348.6644921879121,-474.09052881588536,5.0,0.4066645939160214,0.0
58,8.0,5e-26,-131.692385380728,-53.37328157895247,-280.06679207901567,-419.310863323474,5.0,0.4066645939160214,0.0
59,9.0,5e-26,-30.022351620861144,-90.65745368862513,374.9877811056353,-260.8827717440528,5.0,0.4066645939160214,0.0
60,0.0,5e-26,74.16567380015005,71.50477700595152,-191.2235628950736,200.9304473144656,6.0,0.4931096395346094,0.0
61,1.0,5e-26,-153.47565898544374,-25.480072640005893,-327.08236427887505,264.82186476747256,6.0,0.4931096395346094,0.0
62,2.0,5e-26,-25.1307349425432,68.62036861854091,214.50465346727992,-54.739819133865524,6.0,0.4931096395346094,0.0
63,3.0,5e-26,93.071724767715,-138.2729169724691,-252.42434730126382,-126.82579217863916,6.0,0.4931096395346094,0.0
64,4.0,5e-26,68.64062860056704,-40.106041350670104,-6.582924868380303,-150.73216238146347,6.0,0.4931096395346094,0.0
65,5.0,5e-26,-68.99262535252856,183.45576482347354,419.6055017097144,-144.80748880074327,6.0,0.4931096395346094,1.0
66,6.0,5e-26,-63.34729849636011,-99.92647927053906,-294.1546391240222,-122.0458788316393,6.0,0.4931096395346094,0.0
67,7.0,5e-26,-34.645112995847015,37.15434266339224,348.6644921879121,-474.09052881588536,6.0,0.4931096395346094,0.0
68,8.0,5e-26,-155.90277199825013,-89.6206282873197,-280.06679207901567,-419.310863323474,6.0,0.4931096395346094,0.0
69,9.0,5e-26,2.3934842232285973,-113.20947679314345,374.9877811056353,-260.8827717440528,6.0,0.4931096395346094,0.0
70,0.0,5e-26,67.38798878898407,78.62651064814595,-191.2235628950736,200.9304473144656,7.0,0.528553414917484,0.0
71,1.0,5e-26,-165.06869283664375,-16.09378594871361,-327.08236427887505,264.82186476747256,7.0,0.528553414917484,0.0
72,2.0,5e-26,-17.52788018646758,66.680182764661,214.50465346727992,-54.739819133865524,7.0,0.528553414917484,0.0
73,3.0,5e-26,84.12485290080028,-142.7681018632039,-252.42434730126382,-126.82579217863916,7.0,0.528553414917484,0.0
74,4.0,5e-26,68.40730489016983,-45.44855825709367,-6.582924868380303,-150.73216238146347,7.0,0.528553414917484,0.0
75,5.0,5e-26,-54.12022220051105,178.32324071666187,419.6055017097144,-144.80748880074327,7.0,0.528553414917484,0.0
76,6.0,5e-26,-73.77324945330248,-104.25224598625321,-294.1546391240222,-122.0458788316393,7.0,0.528553414917484,0.0
77,7.0,5e-26,-22.28712705075463,20.350784448893776,348.6644921879121,-474.09052881588536,7.0,0.528553414917484,0.0
78,8.0,5e-26,-165.829396468901,-104.48258834255614,499.12755019288767,71.62888219813385,7.0,0.528553414917484,1.0
79,9.0,5e-26,15.684466908059274,-122.4561471561014,374.9877811056353,-260.8827717440528,7.0,0.528553414917484,0.0
80,0.0,5e-26,49.41977823083418,97.50682293931796,-191.2235628950736,200.9304473144656,8.0,0.622517831677197,0.0
81,1.0,5e-26,-195.80279642849624,8.790046119381543,349.495788678484,234.44868687451554,8.0,0.622517831677197,1.0
82,2.0,5e-26,2.627924468829729,61.53658758621515,214.50465346727992,-54.739819133865524,8.0,0.622517831677197,0.0
83,3.0,5e-26,60.40594633068579,-154.6852134553583,-252.42434730126382,-126.82579217863916,8.0,0.622517831677197,0.0
84,4.0,5e-26,67.78874419433946,-59.61201798219824,-6.582924868380303,-150.73216238146347,8.0,0.622517831677197,0.0
85,5.0,5e-26,-14.692235963190974,164.71648948906136,419.6055017097144,-144.80748880074327,8.0,0.622517831677197,0.0
86,6.0,5e-26,-101.41331855575508,-115.7202158085948,-294.1546391240222,-122.0458788316393,8.0,0.622517831677197,0.0
87,7.0,5e-26,10.474928602504047,-24.196855582594807,348.6644921879121,-474.09052881588536,8.0,0.622517831677197,0.0
88,8.0,5e-26,-118.92916732632193,-97.7520222036583,499.12755019288767,71.62888219813385,8.0,0.622517831677197,0.0
89,9.0,5e-26,50.919975051669226,-146.96984464568865,374.9877811056353,-260.8827717440528,8.0,0.622517831677197,0.0
90,0.0,5e-26,47.887930957158076,99.11642979559264,-191.2235628950736,200.9304473144656,9.0,0.6305285979786106,0.0
91,1.0,5e-26,-193.00306734206467,10.668159759606585,349.495788678484,234.44868687451554,9.0,0.6305285979786106,0.0
92,2.0,5e-26,4.3462711183218214,61.098079687752104,214.50465346727992,-54.739819133865524,9.0,0.6305285979786106,0.0
93,3.0,5e-26,58.38383387566849,-155.70118523749304,4.616334226496377,-509.596815628869,9.0,0.6305285979786106,0.0
94,4.0,5e-26,67.7360099216391,-60.81949810914287,-6.582924868380303,-150.73216238146347,9.0,0.6305285979786106,0.0
95,5.0,5e-26,-11.33087435020704,163.55647053758403,419.6055017097144,-144.80748880074327,9.0,0.6305285979786106,0.0
96,6.0,5e-26,-103.76972262625428,-116.69789682196571,-294.1546391240222,-122.0458788316393,9.0,0.6305285979786106,0.0
97,7.0,5e-26,13.267998367022464,-27.994684014652464,348.6644921879121,-474.09052881588536,9.0,0.6305285979786106,0.0
98,8.0,5e-26,-114.93077316712962,-97.17821996793757,499.12755019288767,71.62888219813385,9.0,0.6305285979786106,0.0
99,9.0,5e-26,53.92391453199212,-149.0597155621953,117.94709957787512,121.88825170617707,9.0,0.6305285979786106,0.0
100,0.0,5e-26,47.887930957158034,99.11642979559268,-191.2235628950736,200.9304473144656,10.0,0.6305285979786108,0.0
101,1.0,5e-26,-193.00306734206458,10.668159759606636,349.495788678484,234.44868687451554,10.0,0.6305285979786108,0.0
102,2.0,5e-26,4.346271118321869,61.09807968775209,214.50465346727992,-54.739819133865524,10.0,0.6305285979786108,0.0
103,3.0,5e-26,58.38383387566849,-155.70118523749315,-252.42434730126206,-126.82579217863113,10.0,0.6305285979786108,0.0
104,4.0,5e-26,67.7360099216391,-60.819498109142906,-6.582924868380303,-150.73216238146347,10.0,0.6305285979786108,0.0
105,5.0,5e-26,-11.330874350206948,163.556470537584,419.6055017097144,-144.80748880074327,10.0,0.6305285979786108,0.0
106,6.0,5e-26,-103.76972262625435,-116.69789682196574,-294.1546391240222,-122.0458788316393,10.0,0.6305285979786108,0.0
107,7.0,5e-26,13.267998367022543,-27.99468401465257,348.6644921879121,-474.09052881588536,10.0,0.6305285979786108,0.0
108,8.0,5e-26,-114.9307731671295,-97.17821996793755,499.12755019288767,71.62888219813385,10.0,0.6305285979786108,0.0
109,9.0,5e-26,53.923914531992146,-149.05971556219527,374.9877811056336,-260.88277174406085,10.0,0.6305285979786108,0.0
110,0.0,5e-26,29.50928517465053,118.42801181093063,-191.2235628950736,200.9304473144656,11.0,0.7266393779696314,0.0
111,1.0,5e-26,-159.41275448859858,33.20120592298687,349.495788678484,234.44868687451554,11.0,0.7266393779696314,0.0
112,2.0,5e-26,24.962480674765718,55.836992974228885,214.50465346727992,-54.739819133865524,11.0,0.7266393779696314,0.0
113,3.0,5e-26,34.12313296781993,-167.89051104676045,-252.42434730126206,-126.82579217863113,11.0,0.7266393779696314,0.0
114,4.0,5e-26,67.10331987791677,-75.30648380535852,-6.582924868380303,-150.73216238146347,11.0,0.7266393779696314,0.0
115,5.0,5e-26,28.99773770763722,149.63890984040358,419.6055017097144,-144.80748880074327,11.0,0.7266393779696314,0.0
116,6.0,5e-26,-132.0411544304413,-128.42782143116418,-294.1546391240222,-122.0458788316393,11.0,0.7266393779696314,0.0
117,7.0,5e-26,46.77841466637588,-73.55989452550273,348.6644921879121,-474.09052881588536,11.0,0.7266393779696314,0.0
118,8.0,5e-26,-66.95923500308379,-90.29391222998999,499.12755019288767,71.62888219813385,11.0,0.7266393779696314,0.0
119,9.0,5e-26,89.96428266115669,-174.13336224073635,4.208753633889501,456.79091821558757,11.0,0.7266393779696314,1.0
120,0.0,5e-26,21.919149945420525,126.40343724332517,-191.2235628950736,200.9304473144656,12.0,0.7663318463784268,0.0
121,1.0,5e-26,-145.54040393747084,42.50705302023714,349.495788678484,234.44868687451554,12.0,0.7663318463784268,0.0
122,2.0,5e-26,33.476699856055326,53.66423443255476,214.50465346727992,-54.739819133865524,12.0,0.7663318463784268,0.0
123,3.0,5e-26,24.103787536953792,-172.92453979623122,-252.42434730126206,-126.82579217863113,12.0,0.7663318463784268,0.0
124,4.0,5e-26,66.84202734054112,-81.28941539887418,-6.582924868380303,-150.73216238146347,12.0,0.7663318463784268,0.0
125,5.0,5e-26,45.65291582840679,143.89114316582308,419.6055017097144,-144.80748880074327,12.0,0.7663318463784268,0.0
126,6.0,5e-26,-143.71687815117215,-133.27212362111268,143.85187611660712,284.12811546149953,12.0,0.7663318463784268,1.0
127,7.0,5e-26,60.617769007813266,-92.37771786343635,348.6644921879121,-474.09052881588536,12.0,0.7663318463784268,0.0
128,8.0,5e-26,-47.147630485093174,-87.45078508618323,499.12755019288767,71.62888219813385,12.0,0.7663318463784268,0.0
129,9.0,5e-26,90.13133848181025,-156.00220315003952,4.208753633889501,456.79091821558757,12.0,0.7663318463784268,0.0
130,0.0,5e-26,11.365501051345928,137.49281012698904,-191.2235628950736,200.9304473144656,13.0,0.8215219533626037,0.0
131,1.0,5e-26,-126.25169396978602,55.446301131141446,349.495788678484,234.44868687451554,13.0,0.8215219533626037,0.0
132,2.0,5e-26,45.3152346295183,50.64313795826222,214.50465346727992,-54.739819133865524,13.0,0.8215219533626037,0.0
133,3.0,5e-26,10.172460803986107,-179.92406883492285,-252.42434730126206,-126.82579217863113,13.0,0.8215219533626037,0.0
134,4.0,5e-26,66.47871501278641,-89.60833956666347,-6.582924868380303,-150.73216238146347,13.0,0.8215219533626037,0.0
135,5.0,5e-26,68.81098835891515,135.89920236680007,419.6055017097144,-144.80748880074327,13.0,0.8215219533626037,0.0
136,6.0,5e-26,-135.77767771842204,-117.59106253157995,143.85187611660712,284.12811546149953,13.0,0.8215219533626037,0.0
137,7.0,5e-26,79.86059963324786,-118.54282486897007,-257.27490020558605,232.58000375861724,13.0,0.8215219533626037,0.0
138,8.0,5e-26,-19.60072759119757,-83.49757941451122,499.12755019288767,71.62888219813385,13.0,0.8215219533626037,0.0
139,9.0,5e-26,90.36362004513465,-130.79186350432082,610.1481460273876,-249.8796143589151,13.0,0.8215219533626037,0.0
140,0.0,5e-26,0.9188126821719642,148.46979295898828,-191.2235628950736,200.9304473144656,14.0,0.8761527123078607,0.0
141,1.0,5e-26,-107.15847378610925,68.25441082881515,349.495788678484,234.44868687451554,14.0,0.8761527123078607,0.0
142,2.0,5e-26,57.033786645725165,47.65266009445305,214.50465346727992,-54.739819133865524,14.0,0.8761527123078607,0.0
143,3.0,5e-26,-3.6176728653429855,-186.85265811547492,-252.42434730126206,-126.82579217863113,14.0,0.8761527123078607,0.0
144,4.0,5e-26,66.11908483114719,-97.84295199502255,8.046513915719828,222.17112974778337,14.0,0.8761527123078607,0.0
145,5.0,5e-26,91.7343553749222,127.98825935265866,419.6055017097144,-144.80748880074327,14.0,0.8761527123078607,0.0
146,6.0,5e-26,-127.9189405504727,-102.0689279462326,143.85187611660712,284.12811546149953,14.0,0.8761527123078607,0.0
147,7.0,5e-26,65.80547657745143,-105.83680274814608,-271.9043389896862,-140.3232883706296,14.0,0.8761527123078607,0.0
148,8.0,5e-26,7.666989286326761,-79.58443921762675,499.12755019288767,71.62888219813385,14.0,0.8761527123078607,0.0
149,9.0,5e-26,123.69647633165235,-144.4429764816965,610.1481460273876,-249.8796143589151,14.0,0.8761527123078607,0.0
150,0.0,5e-26,-0.9741223641301422,150.45881711392158,-191.2235628950736,200.9304473144656,15.0,0.8860517802764917,0.0
151,1.0,5e-26,-103.69879121923067,70.57523431534226,349.495788678484,234.44868687451554,15.0,0.8860517802764917,0.0
152,2.0,5e-26,59.15718278998539,47.11078690425635,214.50465346727992,-54.739819133865524,15.0,0.8860517802764917,0.0
153,3.0,5e-26,-6.11643863621548,-188.10811525242664,-252.42434730126206,-126.82579217863113,15.0,0.8860517802764917,0.0
154,4.0,5e-26,66.19873781930944,-95.64366488098172,8.046513915719828,222.17112974778337,15.0,0.8860517802764917,0.0
155,5.0,5e-26,95.88805875635815,126.55480017865334,419.6055017097144,-144.80748880074327,15.0,0.8860517802764917,0.0
156,6.0,5e-26,-126.49494105137933,-99.25632441948021,143.85187611660712,284.12811546149953,15.0,0.8860517802764917,0.0
157,7.0,5e-26,63.11387704482686,-107.22587251730874,-271.9043389896862,-140.3232883706296,15.0,0.8860517802764917,0.0
158,8.0,5e-26,12.607886830702405,-78.87538004423037,499.12755019288767,71.62888219813385,15.0,0.8860517802764917,0.0
159,9.0,5e-26,129.7363743001116,-146.91655176821067,-172.47031860820357,636.3761238230132,15.0,0.8860517802764917,1.0
160,0.0,5e-26,-11.357853462579305,161.36964684022132,-191.2235628950736,200.9304473144656,16.0,0.940353305367031,0.0
161,1.0,5e-26,-84.72063688126815,83.30615556810275,349.495788678484,234.44868687451554,16.0,0.940353305367031,0.0
162,2.0,5e-26,70.80511261227633,44.13833124210717,214.50465346727992,-54.739819133865524,16.0,0.940353305367031,0.0
163,3.0,5e-26,-19.82346566465797,-194.9949491885421,-221.737281586064,175.0297421212408,16.0,0.940353305367031,1.0
164,4.0,5e-26,66.63567579659528,-83.579433704589,8.046513915719828,222.17112974778337,16.0,0.940353305367031,0.0
165,5.0,5e-26,118.67327743557655,118.6915326922418,419.6055017097144,-144.80748880074327,16.0,0.940353305367031,0.0
166,6.0,5e-26,-118.68356479111223,-83.82773442881994,143.85187611660712,284.12811546149953,16.0,0.940353305367031,0.0
167,7.0,5e-26,48.3490567589519,-114.84564108155347,-271.9043389896862,-140.3232883706296,16.0,0.940353305367031,0.0
168,8.0,5e-26,39.71127402088092,-74.98582250034111,499.12755019288767,71.62888219813385,16.0,0.940353305367031,0.0
169,9.0,5e-26,120.37097296683493,-112.36035771341517,-172.47031860820357,636.3761238230132,16.0,0.940353305367031,0.0
170,0.0,5e-26,-18.903229105228093,169.29804060132383,-191.2235628950736,200.9304473144656,17.0,0.9798117043656367,0.0
171,1.0,5e-26,-70.93009260326015,92.55712539949656,349.495788678484,234.44868687451554,17.0,0.9798117043656367,0.0
172,2.0,5e-26,79.26912281584592,41.97838561761159,214.50465346727992,-54.739819133865524,17.0,0.9798117043656367,0.0
173,3.0,5e-26,-28.572863794347068,-188.08855578729913,-221.737281586064,175.0297421212408,17.0,0.9798117043656367,0.0
174,4.0,5e-26,66.95317835322959,-74.81291662102996,492.2078558677248,51.94743589350523,17.0,0.9798117043656367,0.0
175,5.0,5e-26,135.2302387440486,112.97766102115594,419.6055017097144,-144.80748880074327,17.0,0.9798117043656367,0.0
176,6.0,5e-26,-113.00740006660516,-72.61649388221818,143.85187611660712,284.12811546149953,17.0,0.9798117043656367,0.0
177,7.0,5e-26,37.62014686164473,-120.38257338287818,-271.9043389896862,-140.3232883706296,17.0,0.9798117043656367,0.0
178,8.0,5e-26,59.40604804758848,-72.15946148674303,14.966208240882736,241.852576052412,17.0,0.9798117043656367,0.0
179,9.0,5e-26,113.56557031977579,-87.2499747064206,-172.47031860820357,636.3761238230132,17.0,0.9798117043656367,0.0
180,0.0,5e-26,-33.588806345292596,184.72908664629486,-191.2235628950736,200.9304473144656,18.0,1.056609652368115,0.0
181,1.0,5e-26,-44.08953319724479,110.56230346333491,349.495788678484,234.44868687451554,18.0,1.056609652368115,0.0
182,2.0,5e-26,95.74264003911571,37.77447983410392,214.50465346727992,-54.739819133865524,18.0,1.056609652368115,0.0
183,3.0,5e-26,-45.601832015804504,-174.6466307529849,-221.737281586064,175.0297421212408,18.0,1.056609652368115,0.0
184,4.0,5e-26,104.75373167457045,-70.82346014041846,492.2078558677248,51.94743589350523,18.0,1.056609652368115,0.0
185,5.0,5e-26,167.45508024590507,101.85674302586699,-64.37746208277753,-439.19645746934145,18.0,1.056609652368115,1.0
186,6.0,5e-26,-101.95987116454302,-50.79603764496379,143.85187611660712,284.12811546149953,18.0,1.056609652368115,0.0
187,7.0,5e-26,16.738451574266573,-131.15911398670255,-271.9043389896862,-140.3232883706296,18.0,1.056609652368115,0.0
188,8.0,5e-26,60.55542212986605,-53.58567992680446,14.966208240882736,241.852576052412,18.0,1.056609652368115,0.0
189,9.0,5e-26,100.3202037593321,-38.37759423904214,-172.47031860820357,636.3761238230132,18.0,1.056609652368115,0.0
190,0.0,5e-26,-40.324759531032875,191.80697007346828,-94.1256556968898,-260.92116932879935,19.0,1.0918351919604108,1.0
191,1.0,5e-26,-31.778355455810207,118.82088496519492,349.495788678484,234.44868687451554,19.0,1.0918351919604108,0.0
192,2.0,5e-26,103.29868220255908,35.84624016792883,214.50465346727992,-54.739819133865524,19.0,1.0918351919604108,0.0
193,3.0,5e-26,-53.412647407402446,-168.4811136420638,-221.737281586064,175.0297421212408,19.0,1.0918351919604108,0.0
194,4.0,5e-26,122.09201898907801,-68.99358368063355,492.2078558677248,51.94743589350523,19.0,1.0918351919604108,0.0
195,5.0,5e-26,165.18734940645666,86.38581082448465,-64.37746208277753,-439.19645746934145,19.0,1.0918351919604108,0.0
196,6.0,5e-26,-96.89261120697144,-40.787471464490345,143.85187611660712,284.12811546149953,19.0,1.0918351919604108,0.0
197,7.0,5e-26,7.160474515868364,-136.1020775369233,-271.9043389896862,-140.3232883706296,19.0,1.0918351919604108,0.0
198,8.0,5e-26,61.082614890801814,-45.06629243357149,14.966208240882736,241.852576052412,19.0,1.0918351919604108,0.0
199,9.0,5e-26,94.24484372270295,-15.960901893722856,-172.47031860820357,636.3761238230132,19.0,1.0918351919604108,0.0
200,0.0,5e-26,-52.5167075028631,158.01026185769814,-94.1256556968898,-260.92116932879935,20.0,1.2213636173569,0.0
201,1.0,5e-26,13.491283734417976,149.18865421232547,349.495788678484,234.44868687451554,20.0,1.2213636173569,0.0
202,2.0,5e-26,131.08313220639542,28.755877589030618,214.50465346727992,-54.739819133865524,20.0,1.2213636173569,0.0
203,3.0,5e-26,-82.13392834294326,-145.80978674754593,-221.737281586064,175.0297421212408,20.0,1.2213636173569,0.0
204,4.0,5e-26,185.84692752740654,-62.26491410596275,-361.56579916472833,337.9900624991569,20.0,1.2213636173569,1.0
205,5.0,5e-26,156.8486381118523,29.4973852487647,-64.37746208277753,-439.19645746934145,20.0,1.2213636173569,0.0
206,6.0,5e-26,-78.25970420325649,-3.984804057890422,143.85187611660712,284.12811546149953,20.0,1.2213636173569,0.0
207,7.0,5e-26,-28.058866371938926,-154.27793212602845,-271.9043389896862,-140.3232883706296,20.0,1.2213636173569,0.0
208,8.0,5e-26,63.02116427839932,-13.739509079417907,14.966208240882736,241.852576052412,20.0,1.2213636173569,0.0
209,9.0,5e-26,71.90503492575152,66.46789538499331,-172.47031860820357,636.3761238230132,20.0,1.2213636173569,0.0
210,0.0,5e-26,-62.74775910501624,129.64925945370328,-94.1256556968898,-260.92116932879935,21.0,1.3300592915214435,0.0
211,1.0,5e-26,51.47996410249463,174.67221228914292,349.495788678484,234.44868687451554,21.0,1.3300592915214435,0.0
212,2.0,5e-26,154.3988601264532,22.805896044629925,214.50465346727992,-54.739819133865524,21.0,1.3300592915214435,0.0
213,3.0,5e-26,-106.2358116523537,-126.78481092883146,-221.737281586064,175.0297421212408,21.0,1.3300592915214435,0.0
214,4.0,5e-26,146.54628923235444,-25.526856401700698,-603.2308937893722,-194.76510695842705,21.0,1.3300592915214435,0.0
215,5.0,5e-26,149.85108646976246,-18.24136978654463,177.28763254186637,93.55871198824252,21.0,1.3300592915214435,0.0
216,6.0,5e-26,-62.62362754892749,26.89869300129853,143.85187611660712,284.12811546149953,21.0,1.3300592915214435,0.0
217,7.0,5e-26,-57.61369180668744,-169.5304665564597,-271.9043389896862,-140.3232883706296,21.0,1.3300592915214435,0.0
218,8.0,5e-26,64.64792637282902,12.548819723030544,14.966208240882736,241.852576052412,21.0,1.3300592915214435,0.0
219,9.0,5e-26,53.158257371259225,135.63922718615476,-172.47031860820357,636.3761238230132,21.0,1.3300592915214435,0.0
220,0.0,5e-26,-62.747759105016264,129.64925945370322,-94.1256556968898,-260.92116932879935,22.0,1.3300592915214438,0.0
221,1.0,5e-26,51.479964102494705,174.67221228914298,349.495788678484,234.44868687451554,22.0,1.3300592915214438,0.0
222,2.0,5e-26,154.39886012645326,22.805896044629915,214.50465346727992,-54.739819133865524,22.0,1.3300592915214438,0.0
223,3.0,5e-26,-106.23581165235375,-126.78481092883142,-221.737281586064,175.0297421212408,22.0,1.3300592915214438,0.0
224,4.0,5e-26,146.5462892323543,-25.52685640170074,-361.5657991647158,337.9900624991617,22.0,1.3300592915214438,0.0
225,5.0,5e-26,149.8510864697625,-18.24136978654461,-64.37746208279003,-439.1964574693462,22.0,1.3300592915214438,0.0
226,6.0,5e-26,-62.62362754892746,26.898693001298593,143.85187611660712,284.12811546149953,22.0,1.3300592915214438,0.0
227,7.0,5e-26,-57.6136918066875,-169.53046655645971,-271.9043389896862,-140.3232883706296,22.0,1.3300592915214438,0.0
228,8.0,5e-26,64.64792637282902,12.548819723030597,14.966208240882736,241.852576052412,22.0,1.3300592915214438,0.0
229,9.0,5e-26,53.15825737125919,135.6392271861549,-172.47031860820357,636.3761238230132,22.0,1.3300592915214438,0.0
230,0.0,5e-26,-66.69517473872274,118.70681984626778,-94.1256556968898,-260.92116932879935,23.0,1.3719970140741369,0.0
231,1.0,5e-26,66.13702152142764,184.50445627212963,120.96552925795835,-403.08911398414403,23.0,1.3719970140741369,1.0
232,2.0,5e-26,163.39469676982563,20.51023269720926,214.50465346727992,-54.739819133865524,23.0,1.3719970140741369,0.0
233,3.0,5e-26,-115.53496824709849,-119.4444621652814,-221.737281586064,175.0297421212408,23.0,1.3719970140741369,0.0
234,4.0,5e-26,131.3830430624417,-11.352322935043489,-361.5657991647158,337.9900624991617,23.0,1.3719970140741369,0.0
235,5.0,5e-26,147.15124232628793,-36.66026896601974,-64.37746208279003,-439.1964574693462,23.0,1.3719970140741369,0.0
236,6.0,5e-26,-56.590807479664804,38.814379076942515,143.85187611660712,284.12811546149953,23.0,1.3719970140741369,0.0
237,7.0,5e-26,-69.01674053611038,-175.41530569182873,-271.9043389896862,-140.3232883706296,23.0,1.3719970140741369,0.0
238,8.0,5e-26,65.27557506170099,22.691565956170763,14.966208240882736,241.852576052412,23.0,1.3719970140741369,0.0
239,9.0,5e-26,45.92524500089376,162.32739250620273,-172.47031860820357,636.3761238230132,23.0,1.3719970140741369,0.0
240,0.0,5e-26,-69.71726045674576,110.32944246153329,-94.1256556968898,-260.92116932879935,24.0,1.404103942792434,0.0
241,1.0,5e-26,70.02085314668399,171.56250282231917,120.96552925795835,-403.08911398414403,24.0,1.404103942792434,0.0
242,2.0,5e-26,170.28178238844262,18.752705226225764,214.50465346727992,-54.739819133865524,24.0,1.404103942792434,0.0
243,3.0,5e-26,-122.65427134117122,-113.82479471141279,-221.737281586064,175.0297421212408,24.0,1.404103942792434,0.0
244,4.0,5e-26,119.77427572168602,-0.5005000908901156,-361.5657991647158,337.9900624991617,24.0,1.404103942792434,0.0
245,5.0,5e-26,145.0842797401309,-50.76151831931666,-64.37746208279003,-439.1964574693462,24.0,1.404103942792434,0.0
246,6.0,5e-26,-51.97216554719559,47.93686022692897,143.85187611660712,284.12811546149953,24.0,1.404103942792434,0.0
247,7.0,5e-26,-77.74675376624793,-179.9206555090616,-84.14828550159568,294.17964047110235,24.0,1.404103942792434,1.0
248,8.0,5e-26,65.75609404287421,30.456709375822086,14.966208240882736,241.852576052412,24.0,1.404103942792434,0.0
249,9.0,5e-26,40.38775277531818,182.75947535181444,-172.47031860820357,636.3761238230132,24.0,1.404103942792434,0.0
250,0.0,5e-26,-71.13152114260693,106.40903894180684,-94.1256556968898,-260.92116932879935,25.0,1.4191291840551932,0.0
251,1.0,5e-26,71.83838940826217,165.5059916343156,120.96552925795835,-403.08911398414403,25.0,1.4191291840551932,0.0
252,2.0,5e-26,173.50476655877304,17.930226237059635,214.50465346727992,-54.739819133865524,25.0,1.4191291840551932,0.0
253,3.0,5e-26,-125.9859274939502,-111.19493060788263,-221.737281586064,175.0297421212408,25.0,1.4191291840551932,0.0
254,4.0,5e-26,114.34166235687384,4.57788214257484,-361.5657991647158,337.9900624991617,25.0,1.4191291840551932,0.0
255,5.0,5e-26,144.11699284045287,-57.36055105454273,-64.37746208279003,-439.1964574693462,25.0,1.4191291840551932,0.0
256,6.0,5e-26,-49.81075640244302,52.20595371127109,143.85187611660712,284.12811546149953,25.0,1.4191291840551932,0.0
257,7.0,5e-26,-79.01110205775694,-175.50053543639152,-84.14828550159568,294.17964047110235,25.0,1.4191291840551932,0.0
258,8.0,5e-26,65.98096493248217,34.09060268102939,14.966208240882736,241.852576052412,25.0,1.4191291840551932,0.0
259,9.0,5e-26,37.79634462756498,192.32118014611473,-400.47204411377857,-523.7773607709199,25.0,1.4191291840551932,1.0
260,0.0,5e-26,-80.83334513216171,79.51508275914117,-94.1256556968898,-260.92116932879935,26.0,1.5222022932699357,0.0
261,1.0,5e-26,84.30668261668686,123.9583433653541,120.96552925795835,-403.08911398414403,26.0,1.5222022932699357,0.0
262,2.0,5e-26,195.6144281326765,12.28802288107946,-205.96820305583054,-81.15290190669876,26.0,1.5222022932699357,1.0
263,3.0,5e-26,-148.8410785358507,-93.15407088239175,-221.737281586064,175.0297421212408,26.0,1.5222022932699357,0.0
264,4.0,5e-26,77.07395125125342,39.4155687680486,-361.5657991647158,337.9900624991617,26.0,1.5222022932699357,0.0
265,5.0,5e-26,137.4814076602255,-102.62989548200869,-64.37746208279003,-439.1964574693462,26.0,1.5222022932699357,0.0
266,6.0,5e-26,-34.983496264730356,81.49192198721322,143.85187611660712,284.12811546149953,26.0,1.5222022932699357,0.0
267,7.0,5e-26,-87.68452747949625,-145.1785252253599,-84.14828550159568,294.17964047110235,26.0,1.5222022932699357,0.0
268,8.0,5e-26,67.52357854902526,59.01909966634648,14.966208240882736,241.852576052412,26.0,1.5222022932699357,0.0
269,9.0,5e-26,-3.4815541128257195,138.33381903516408,-400.47204411377857,-523.7773607709199,26.0,1.5222022932699357,0.0
270,0.0,5e-26,-86.54025728917503,63.69522809528823,-94.1256556968898,-260.92116932879935,27.0,1.5828330757570308,0.0
271,1.0,5e-26,91.64091730956247,99.51873497246558,120.96552925795835,-403.08911398414403,27.0,1.5828330757570308,0.0
272,2.0,5e-26,183.1264148139406,7.367658937377843,-205.96820305583054,-81.15290190669876,27.0,1.5828330757570308,0.0
273,3.0,5e-26,-162.2851834249751,-82.54188065906645,-221.737281586064,175.0297421212408,27.0,1.5828330757570308,0.0
274,4.0,5e-26,55.15193392732483,59.90817073023494,-361.5657991647158,337.9900624991617,27.0,1.5828330757570308,0.0
275,5.0,5e-26,133.57815175961264,-129.25872036393534,-64.37746208279003,-439.1964574693462,27.0,1.5828330757570308,0.0
276,6.0,5e-26,-26.261644453543802,98.71883195422762,273.57022904752534,-395.0375604888292,27.0,1.5828330757570308,0.0
277,7.0,5e-26,-92.78650387440548,-127.34218343182465,-84.14828550159568,294.17964047110235,27.0,1.5828330757570308,0.0
278,8.0,5e-26,68.43099146553479,73.6828105989239,14.966208240882736,241.852576052412,27.0,1.5828330757570308,0.0
279,9.0,5e-26,-27.762487511650573,106.5767878025977,-530.1903970446967,155.38831517940878,27.0,1.5828330757570308,0.0
280,0.0,5e-26,-90.04894071279128,53.968976788814985,-94.1256556968898,-260.92116932879935,28.0,1.6201096652016256,0.0
281,1.0,5e-26,96.1500996806595,84.49294756089317,120.96552925795835,-403.08911398414403,28.0,1.6201096652016256,0.0
282,2.0,5e-26,175.4486226699875,4.342555530764361,-205.96820305583054,-81.15290190669876,28.0,1.6201096652016256,0.0
283,3.0,5e-26,-170.5507930352193,-76.01736882141967,-221.737281586064,175.0297421212408,28.0,1.6201096652016256,0.0
284,4.0,5e-26,41.673994074654914,72.50728752636913,-361.5657991647158,337.9900624991617,28.0,1.6201096652016256,0.0
285,5.0,5e-26,131.1783795360675,-145.63046639454058,-443.5125759302292,-18.291551863549955,28.0,1.6201096652016256,1.0
286,6.0,5e-26,-16.06387934107544,83.99317899669127,273.57022904752534,-395.0375604888292,28.0,1.6201096652016256,0.0
287,7.0,5e-26,-95.92326496551502,-116.37616975102488,-84.14828550159568,294.17964047110235,28.0,1.6201096652016256,0.0
288,8.0,5e-26,68.98888066567248,82.6982497825473,14.966208240882736,241.852576052412,28.0,1.6201096652016256,0.0
289,9.0,5e-26,-47.526177269752424,112.36913423202782,-530.1903970446967,155.38831517940878,28.0,1.6201096652016256,0.0
290,0.0,5e-26,-96.20834452360471,36.89479193680117,-94.1256556968898,-260.92116932879935,29.0,1.6855477624473796,0.0
291,1.0,5e-26,104.06585374762588,58.115562921293936,120.96552925795835,-403.08911398414403,29.0,1.6855477624473796,0.0
292,2.0,5e-26,161.97045536888683,-0.9679359559813276,-205.96820305583054,-81.15290190669876,29.0,1.6855477624473796,0.0
293,3.0,5e-26,-185.06085883065728,-64.56375553559067,64.74011002220874,274.97554587002423,29.0,1.6855477624473796,1.0
294,4.0,5e-26,18.01381614817548,94.62471410428773,-361.5657991647158,337.9900624991617,29.0,1.6855477624473796,0.0
295,5.0,5e-26,102.1557604626303,-146.8274307441633,-443.5125759302292,-18.291551863549955,29.0,1.6855477624473796,0.0
296,6.0,5e-26,1.838035910879718,58.14267269769784,273.57022904752534,-395.0375604888292,29.0,1.6855477624473796,0.0
297,7.0,5e-26,-101.42976865523191,-97.12561383015593,-84.14828550159568,294.17964047110235,29.0,1.6855477624473796,0.0
298,8.0,5e-26,69.96824085593957,98.52462217340114,14.966208240882736,241.852576052412,29.0,1.6855477624473796,0.0
299,9.0,5e-26,-82.22082803032822,122.53744991159184,-530.1903970446967,155.38831517940878,29.0,1.6855477624473796,0.0
300,0.0,5e-26,-102.15168633587184,20.419542081742506,-150.07923374723504,201.39292523452932,30.0,1.7486903962836453,0.0
301,1.0,5e-26,111.70393586837123,32.66345459360835,120.96552925795835,-403.08911398414403,30.0,1.7486903962836453,0.0
302,2.0,5e-26,148.9650805414189,-6.092143925826398,-205.96820305583054,-81.15290190669876,30.0,1.7486903962836453,0.0
303,3.0,5e-26,-180.9729977690054,-47.20107532879244,64.74011002220874,274.97554587002423,30.0,1.7486903962836453,0.0
304,4.0,5e-26,-4.816400716198963,115.96629686096887,-361.5657991647158,337.9900624991617,30.0,1.7486903962836453,0.0
305,5.0,5e-26,74.15120827888883,-147.98240750578051,-443.5125759302292,-18.291551863549955,30.0,1.7486903962836453,0.0
306,6.0,5e-26,19.111980712130958,33.19896066418003,273.57022904752534,-395.0375604888292,30.0,1.7486903962836453,0.0
307,7.0,5e-26,-106.74311303460871,-78.55033650980482,-84.14828550159568,294.17964047110235,30.0,1.7486903962836453,0.0
308,8.0,5e-26,70.91324666281093,113.7958308254362,14.966208240882736,241.852576052412,30.0,1.7486903962836453,0.0
309,9.0,5e-26,-115.69844613442585,132.3490773993995,-474.23681899435144,-306.9257793839199,30.0,1.7486903962836453,0.0
310,0.0,5e-26,-117.15803032692166,40.55671521339039,-150.07923374723504,201.39292523452932,31.0,1.8486798726180171,0.0
311,1.0,5e-26,123.79921579338462,-7.64121482975213,-136.74456145331357,-32.95513568504838,31.0,1.8486798726180171,0.0
312,2.0,5e-26,128.37042777633485,-14.206580090491851,51.74188765544136,-451.28688020579443,31.0,1.8486798726180171,0.0
313,3.0,5e-26,-174.49966807005512,-19.706414492490676,64.74011002220874,274.97554587002423,31.0,1.8486798726180171,0.0
314,4.0,5e-26,-40.96917563509756,149.76174621648164,-361.5657991647158,337.9900624991617,31.0,1.8486798726180171,0.0
315,5.0,5e-26,29.804618063916884,-149.8113701979599,-443.5125759302292,-18.291551863549955,31.0,1.8486798726180171,0.0
316,6.0,5e-26,46.46612465526717,-6.300638141505736,273.57022904752534,-395.0375604888292,31.0,1.8486798726180171,0.0
317,7.0,5e-26,-115.15705603634848,-49.13546831086552,-84.14828550159568,294.17964047110235,31.0,1.8486798726180171,0.0
318,8.0,5e-26,72.40970998752796,137.9785432550357,14.966208240882736,241.852576052412,31.0,1.8486798726180171,0.0
319,9.0,5e-26,-163.11713732414933,101.65972944528241,-474.23681899435144,-306.9257793839199,31.0,1.8486798726180171,0.0
320,0.0,5e-26,-117.15803032692176,40.556715213390525,-150.07923374723504,201.39292523452932,32.0,1.8486798726180178,0.0
321,1.0,5e-26,123.79921579338453,-7.641214829752152,120.96552925795572,-403.0891139841467,32.0,1.8486798726180178,0.0
322,2.0,5e-26,128.37042777633488,-14.206580090492151,-205.96820305582793,-81.15290190669606,32.0,1.8486798726180178,0.0
323,3.0,5e-26,-174.49966807005507,-19.70641449249049,64.74011002220874,274.97554587002423,32.0,1.8486798726180178,0.0
324,4.0,5e-26,-40.9691756350978,149.76174621648187,-361.5657991647158,337.9900624991617,32.0,1.8486798726180178,0.0
325,5.0,5e-26,29.80461806391659,-149.8113701979599,-443.5125759302292,-18.291551863549955,32.0,1.8486798726180178,0.0
326,6.0,5e-26,46.46612465526736,-6.300638141505999,273.57022904752534,-395.0375604888292,32.0,1.8486798726180178,0.0
327,7.0,5e-26,-115.15705603634854,-49.13546831086532,-84.14828550159568,294.17964047110235,32.0,1.8486798726180178,0.0
328,8.0,5e-26,72.40970998752798,137.97854325503587,14.966208240882736,241.852576052412,32.0,1.8486798726180178,0.0
329,9.0,5e-26,-163.11713732414964,101.65972944528221,-474.23681899435144,-306.9257793839199,32.0,1.8486798726180178,0.0
330,0.0,5e-26,-119.43524237488481,43.61253036028149,-150.07923374723504,201.39292523452932,33.0,1.8638532713028642,0.0
331,1.0,5e-26,125.63467399593894,-13.757446661755084,120.96552925795572,-403.0891139841467,33.0,1.8638532713028642,0.0
332,2.0,5e-26,125.24519011496741,-15.437945425554679,-205.96820305582793,-81.15290190669606,33.0,1.8638532713028642,0.0
333,3.0,5e-26,-173.51734056978728,-15.534100906421358,64.74011002220874,274.97554587002423,33.0,1.8638532713028642,0.0
334,4.0,5e-26,-46.45535765662912,154.89020418629778,-361.5657991647158,337.9900624991617,33.0,1.8638532713028642,0.0
335,5.0,5e-26,23.075024927584032,-150.08891520695008,-443.5125759302292,-18.291551863549955,33.0,1.8638532713028642,0.0
336,6.0,5e-26,50.617114808910195,-12.29470054229211,273.57022904752534,-395.0375604888292,33.0,1.8638532713028642,0.0
337,7.0,5e-26,-116.43387152091053,-44.67176334103252,-84.14828550159568,294.17964047110235,33.0,1.8638532713028642,0.0
338,8.0,5e-26,72.63679823196732,141.64826881443625,14.966208240882736,241.852576052412,33.0,1.8638532713028642,0.0
339,9.0,5e-26,-170.31292164978424,97.00262222803279,-22.06653893451977,-564.4617457363779,33.0,1.8638532713028642,1.0
340,0.0,5e-26,-126.89867906023717,53.627795689376384,-156.63526018366233,288.7389031448796,34.0,1.9135832472562486,0.0
341,1.0,5e-26,131.6502868571255,-33.803058607257746,120.96552925795572,-403.0891139841467,34.0,1.9135832472562486,0.0
342,2.0,5e-26,115.00239632983929,-19.473677285922044,-205.96820305582793,-81.15290190669606,34.0,1.9135832472562486,0.0
343,3.0,5e-26,-170.29781645516337,-1.8595736225362867,64.74011002220874,274.97554587002423,34.0,1.9135832472562486,0.0
344,4.0,5e-26,-64.43601615465667,171.69844186686402,-361.5657991647158,337.9900624991617,34.0,1.9135832472562486,0.0
345,5.0,5e-26,1.01915519155013,-150.9985536412745,-443.5125759302292,-18.291551863549955,34.0,1.9135832472562486,0.0
346,6.0,5e-26,64.22175572100551,-31.939908926085245,273.57022904752534,-395.0375604888292,34.0,1.9135832472562486,0.0
347,7.0,5e-26,-120.61856373542341,-30.042216894429316,-77.59225906516838,206.83366256075206,34.0,1.9135832472562486,0.0
348,8.0,5e-26,73.38106740789976,153.6755916057868,14.966208240882736,241.852576052412,34.0,1.9135832472562486,0.0
349,9.0,5e-26,-171.41029010037232,68.9319531859573,-22.06653893451977,-564.4617457363779,34.0,1.9135832472562486,0.0
350,0.0,5e-26,-131.317402048584,61.77319811958476,-156.63526018366233,288.7389031448796,35.0,1.9417935173012286,0.0
351,1.0,5e-26,135.06275710362638,-45.17431136494225,120.96552925795572,-403.0891139841467,35.0,1.9417935173012286,0.0
352,2.0,5e-26,109.1919777009551,-21.763022563643712,-205.96820305582793,-81.15290190669606,35.0,1.9417935173012286,0.0
353,3.0,5e-26,-168.47148046869515,5.897560782222882,64.74011002220874,274.97554587002423,35.0,1.9417935173012286,0.0
354,4.0,5e-26,-74.63588498812231,181.23323280248505,-18.691406939464855,-494.5884559716594,35.0,1.9417935173012286,1.0
355,5.0,5e-26,-11.492454343786333,-151.514563258887,-443.5125759302292,-18.291551863549955,35.0,1.9417935173012286,0.0
356,6.0,5e-26,71.93924575870324,-43.08402518538524,273.57022904752534,-395.0375604888292,35.0,1.9417935173012286,0.0
357,7.0,5e-26,-122.80746231705186,-24.20738341919823,-77.59225906516838,206.83366256075206,35.0,1.9417935173012286,0.0
358,8.0,5e-26,73.80326818392447,160.4983180872994,14.966208240882736,241.852576052412,35.0,1.9417935173012286,0.0
359,9.0,5e-26,-172.03279312267318,53.008334908673234,-22.06653893451977,-564.4617457363779,35.0,1.9417935173012286,0.0
360,0.0,5e-26,-144.62876062588668,86.31114104809184,-156.63526018366233,288.7389031448796,36.0,2.0267766721904565,0.0
361,1.0,5e-26,145.34278941281266,-79.43009597281863,120.96552925795572,-403.0891139841467,36.0,2.0267766721904565,0.0
362,2.0,5e-26,91.68814999840573,-28.659652196090782,-205.96820305582793,-81.15290190669606,36.0,2.0267766721904565,0.0
363,3.0,5e-26,-162.96966167113212,29.26585018764515,64.74011002220874,274.97554587002423,36.0,2.0267766721904565,0.0
364,4.0,5e-26,-76.22433971915645,139.20154544222143,-18.691406939464855,-494.5884559716594,36.0,2.0267766721904565,0.0
365,5.0,5e-26,-49.18355227938546,-153.0690370440714,-443.5125759302292,-18.291551863549955,36.0,2.0267766721904565,0.0
366,6.0,5e-26,95.18810690693064,-76.65556337547015,273.57022904752534,-395.0375604888292,36.0,2.0267766721904565,0.0
367,7.0,5e-26,-129.40149728739215,-6.630006237491536,-77.59225906516838,206.83366256075206,36.0,2.0267766721904565,0.0
368,8.0,5e-26,75.07514377696386,181.0517130183203,-160.57163121707575,-181.47563798092736,36.0,2.0267766721904565,1.0
369,9.0,5e-26,-173.90807721881467,5.038594941714642,-22.06653893451977,-564.4617457363779,36.0,2.0267766721904565,0.0
370,0.0,5e-26,-159.46204525085088,113.65457781722037,-156.63526018366233,288.7389031448796,37.0,2.121476196471078,0.0
371,1.0,5e-26,156.79816748789466,-117.60244330981453,-420.83579575427177,3.2750714573193704,37.0,2.121476196471078,1.0
372,2.0,5e-26,72.18305915208438,-36.344793400646836,-205.96820305582793,-81.15290190669606,37.0,2.121476196471078,0.0
373,3.0,5e-26,-156.83880405015387,55.30590357034065,64.74011002220874,274.97554587002423,37.0,2.121476196471078,0.0
374,4.0,5e-26,-77.99440706445928,92.3642539470182,-18.691406939464855,-494.5884559716594,37.0,2.121476196471078,0.0
375,5.0,5e-26,-91.18398223245117,-154.8012383039039,-443.5125759302292,-18.291551863549955,37.0,2.121476196471078,0.0
376,6.0,5e-26,121.09507745507194,-114.06543242673949,273.57022904752534,-395.0375604888292,37.0,2.121476196471078,0.0
377,7.0,5e-26,-136.74944730872232,12.957043212230268,-77.59225906516838,206.83366256075206,37.0,2.121476196471078,0.0
378,8.0,5e-26,59.8690866877434,163.8660564330042,-160.57163121707575,-181.47563798092736,37.0,2.121476196471078,0.0
379,9.0,5e-26,-175.9977679584335,-48.41566385412945,-22.06653893451977,-564.4617457363779,37.0,2.121476196471078,0.0
380,0.0,5e-26,-159.5575174791949,113.8305697775269,323.99477197646866,-54.14929966331846,38.0,2.1220857158617443,1.0
381,1.0,5e-26,156.54165991009594,-117.60044709025547,-420.83579575427177,3.2750714573193704,38.0,2.1220857158617443,0.0
382,2.0,5e-26,72.05751753846116,-36.39425766796781,-205.96820305582793,-81.15290190669606,38.0,2.1220857158617443,0.0
383,3.0,5e-26,-156.79934369774145,55.473506497507486,64.74011002220874,274.97554587002423,38.0,2.1220857158617443,0.0
384,4.0,5e-26,-78.00579983942772,92.06279269270375,-18.691406939464855,-494.5884559716594,38.0,2.1220857158617443,0.0
385,5.0,5e-26,-91.45431174748502,-154.8123873594501,-443.5125759302292,-18.291551863549955,38.0,2.1220857158617443,0.0
386,6.0,5e-26,121.26182381438544,-114.30621547989895,273.57022904752534,-395.0375604888292,38.0,2.1220857158617443,0.0
387,7.0,5e-26,-136.79674129518816,13.083112340203584,-77.59225906516838,206.83366256075206,38.0,2.1220857158617443,0.0
388,8.0,5e-26,59.771215164925664,163.75544351272126,-160.57163121707575,-181.47563798092736,38.0,2.1220857158617443,0.0
389,9.0,5e-26,-176.011217941799,-48.759714233445145,-22.06653893451977,-564.4617457363779,38.0,2.1220857158617443,0.0
390,0.0,5e-26,-139.66818232207993,110.50646191320305,323.99477197646866,-54.14929966331846,39.0,2.1834735433127364,0.0
391,1.0,5e-26,130.7074646951318,-117.39939756874388,-420.83579575427177,3.2750714573193704,39.0,2.1834735433127364,0.0
392,2.0,5e-26,59.413577028879104,-41.37605800736335,-205.96820305582793,-81.15290190669606,39.0,2.1834735433127364,0.0
393,3.0,5e-26,-152.82508899453987,72.35365786061888,64.74011002220874,274.97554587002423,39.0,2.1834735433127364,0.0
394,4.0,5e-26,-79.15322470344387,61.701081898262956,-18.691406939464855,-494.5884559716594,39.0,2.1834735433127364,0.0
395,5.0,5e-26,-118.68058523103494,-155.93526598906058,-443.5125759302292,-18.291551863549955,39.0,2.1834735433127364,0.0
396,6.0,5e-26,138.05570583088328,-138.556713079848,273.57022904752534,-395.0375604888292,39.0,2.1834735433127364,0.0
397,7.0,5e-26,-141.55996150621337,25.780181528539742,-77.59225906516838,206.83366256075206,39.0,2.1834735433127364,0.0
398,8.0,5e-26,49.914071574247494,152.6150483617894,-160.57163121707575,-181.47563798092736,39.0,2.1834735433127364,0.0
399,9.0,5e-26,-177.36583482635191,-83.41079448339565,448.8287896735609,-343.0112419447422,39.0,2.1834735433127364,1.0
400,0.0,5e-26,-139.62407538374222,110.49909031332596,323.99477197646866,-54.14929966331846,40.0,2.183609678035123,0.0
401,1.0,5e-26,130.65017433090648,-117.39895171780024,-420.83579575427177,3.2750714573193704,40.0,2.183609678035123,0.0
402,2.0,5e-26,59.38553760473565,-41.38710573513527,-205.96820305582793,-81.15290190669606,40.0,2.183609678035123,0.0
403,3.0,5e-26,-152.81627561763472,72.39109158021897,64.74011002220874,274.97554587002423,40.0,2.183609678035123,0.0
404,4.0,5e-26,-79.15576925293858,61.63375123611369,-18.691406939464855,-494.5884559716594,40.0,2.183609678035123,0.0
405,5.0,5e-26,-118.74096269243412,-155.93775610439553,-100.32440294039134,432.40374657546414,40.0,2.183609678035123,1.0
406,6.0,5e-26,138.0929482380679,-138.6104914084774,273.57022904752534,-395.0375604888292,40.0,2.183609678035123,0.0
407,7.0,5e-26,-141.57052450686055,25.808338771772632,-77.59225906516838,206.83366256075206,40.0,2.183609678035123,0.0
408,8.0,5e-26,49.89221219980861,152.59034322619297,-160.57163121707575,-181.47563798092736,40.0,2.183609678035123,0.0
409,9.0,5e-26,-177.30473364367063,-83.45749022359324,448.8287896735609,-343.0112419447422,40.0,2.183609678035123,0.0
410,0.0,5e-26,-139.3906244199662,110.46007361525679,323.99477197646866,-54.14929966331846,41.0,2.18433021732763,0.0
411,1.0,5e-26,130.3469456043719,-117.39659190012948,-420.83579575427177,3.2750714573193704,41.0,2.18433021732763,0.0
412,2.0,5e-26,59.23712942142679,-41.44557958966004,-205.96820305582793,-81.15290190669606,41.0,2.18433021732763,0.0
413,3.0,5e-26,-152.76962782456246,72.58922226549699,64.74011002220874,274.97554587002423,41.0,2.18433021732763,0.0
414,4.0,5e-26,-79.16923714607071,61.27738081996556,-18.691406939464855,-494.5884559716594,41.0,2.18433021732763,0.0
415,5.0,5e-26,-118.81325036675001,-155.62619221476052,-100.32440294039134,432.40374657546414,41.0,2.18433021732763,0.0
416,6.0,5e-26,138.29006633735688,-138.89513149282587,-393.83945333533086,275.2922618138921,41.0,2.18433021732763,1.0
417,7.0,5e-26,-141.62643277831143,25.957370552660866,-77.59225906516838,206.83366256075206,41.0,2.18433021732763,0.0
418,8.0,5e-26,49.7765140302547,152.45958289839487,-160.57163121707575,-181.47563798092736,41.0,2.18433021732763,0.0
419,9.0,5e-26,-176.9813348651023,-83.70464330118618,448.8287896735609,-343.0112419447422,41.0,2.18433021732763,0.0
420,0.0,5e-26,-109.7552853139736,105.50711450395667,323.99477197646866,-54.14929966331846,42.0,2.275798789259232,0.0
421,1.0,5e-26,91.85369634902935,-117.09702579095453,-420.83579575427177,3.2750714573193704,42.0,2.275798789259232,0.0
422,2.0,5e-26,40.397512024592,-48.86851963517091,-205.96820305582793,-81.15290190669606,42.0,2.275798789259232,0.0
423,3.0,5e-26,-146.84794241413624,97.7408427623408,64.74011002220874,274.97554587002423,42.0,2.275798789259232,0.0
424,4.0,5e-26,-80.878913446216,16.038081058381877,-18.691406939464855,-494.5884559716594,42.0,2.275798789259232,0.0
425,5.0,5e-26,-127.98978023359821,-116.0748390176285,536.061954082365,352.59738156915546,42.0,2.275798789259232,0.0
426,6.0,5e-26,102.26613397045136,-113.71454144088848,-393.83945333533086,275.2922618138921,42.0,2.275798789259232,0.0
427,7.0,5e-26,-148.72368590794926,44.87615029447571,-77.59225906516838,206.83366256075206,42.0,2.275798789259232,0.0
428,8.0,5e-26,35.08925623010094,135.86026545190305,-160.57163121707575,-181.47563798092736,42.0,2.275798789259232,0.0
429,9.0,5e-26,-135.92760643187233,-115.07939175835696,-187.55756734919544,-263.2048769384335,42.0,2.275798789259232,0.0
430,0.0,5e-26,-109.7552853139736,105.50711450395667,323.99477197646866,-54.14929966331846,43.0,2.275798789259232,0.0
431,1.0,5e-26,91.85369634902935,-117.09702579095453,-420.83579575427177,3.2750714573193704,43.0,2.275798789259232,0.0
432,2.0,5e-26,40.397512024592,-48.86851963517091,-205.96820305582793,-81.15290190669606,43.0,2.275798789259232,0.0
433,3.0,5e-26,-146.84794241413624,97.7408427623408,64.74011002220874,274.97554587002423,43.0,2.275798789259232,0.0
434,4.0,5e-26,-80.878913446216,16.038081058381877,-18.691406939464855,-494.5884559716594,43.0,2.275798789259232,0.0
435,5.0,5e-26,-127.98978023359821,-116.0748390176285,-100.32440294039114,432.40374657546414,43.0,2.275798789259232,0.0
436,6.0,5e-26,102.26613397045136,-113.71454144088848,-393.83945333533086,275.2922618138921,43.0,2.275798789259232,0.0
437,7.0,5e-26,-148.72368590794926,44.87615029447571,-77.59225906516838,206.83366256075206,43.0,2.275798789259232,0.0
438,8.0,5e-26,35.08925623010094,135.86026545190305,-160.57163121707575,-181.47563798092736,43.0,2.275798789259232,0.0
439,9.0,5e-26,-135.92760643187233,-115.07939175835696,448.82878967356066,-343.01124194474215,43.0,2.275798789259232,0.0
440,0.0,5e-26,-106.07265949777334,104.89163664407384,323.99477197646866,-54.14929966331846,44.0,2.287165101726977,0.0
441,1.0,5e-26,87.07034519687427,-117.05980030541645,-420.83579575427177,3.2750714573193704,44.0,2.287165101726977,0.0
442,2.0,5e-26,38.05641307023955,-49.79092887590666,-205.96820305582793,-81.15290190669606,44.0,2.287165101726977,0.0
443,3.0,5e-26,-146.11208609442764,100.86630073768819,64.74011002220874,274.97554587002423,44.0,2.287165101726977,0.0
444,4.0,5e-26,-81.09136581795174,10.416434124868566,-18.691406939464855,-494.5884559716594,44.0,2.287165101726977,0.0
445,5.0,5e-26,-129.13009874555863,-111.16000292182825,-236.29338697699163,-194.3889517549202,44.0,2.287165101726977,0.0
446,6.0,5e-26,97.7896316817162,-110.58548357315958,-393.83945333533086,275.2922618138921,44.0,2.287165101726977,0.0
447,7.0,5e-26,-149.60562376956216,47.2270863319893,-77.59225906516838,206.83366256075206,44.0,2.287165101726977,0.0
448,8.0,5e-26,33.26414889623218,133.79755664532848,-160.57163121707575,-181.47563798092736,44.0,2.287165101726977,0.0
449,9.0,5e-26,-130.82607816392294,-118.9781647142501,584.7977737101611,283.7814563856423,44.0,2.287165101726977,0.0
450,0.0,5e-26,-78.94361282432891,100.35755460028336,323.99477197646866,-54.14929966331846,45.0,2.370898078367152,0.0
451,1.0,5e-26,51.83251134163243,-116.78556882358582,-420.83579575427177,3.2750714573193704,45.0,2.370898078367152,0.0
452,2.0,5e-26,20.810082335147115,-56.58610291554244,-205.96820305582793,-81.15290190669606,45.0,2.370898078367152,0.0
453,3.0,5e-26,-140.69120397425567,123.89082169664226,64.74011002220874,274.97554587002423,45.0,2.370898078367152,0.0
454,4.0,5e-26,-82.65645295858596,-30.99692950550655,-18.691406939464855,-494.5884559716594,45.0,2.370898078367152,0.0
455,5.0,5e-26,-148.91564739753088,-127.43676847823107,228.56471948904127,203.4202504627573,45.0,2.370898078367152,1.0
456,6.0,5e-26,64.8122819356097,-87.53444304547605,-393.83945333533086,275.2922618138921,45.0,2.370898078367152,0.0
457,7.0,5e-26,-156.1026545853243,64.54588456759056,-77.59225906516838,206.83366256075206,45.0,2.370898078367152,0.0
458,8.0,5e-26,19.819008250458,118.60206128951066,-160.57163121707575,-181.47563798092736,45.0,2.370898078367152,0.0
459,9.0,5e-26,-81.85921983862374,-95.21629865579631,584.7977737101611,283.7814563856423,45.0,2.370898078367152,0.0
460,0.0,5e-26,-59.554423954880306,97.11703626748537,323.99477197646866,-54.14929966331846,46.0,2.4307422195277284,0.0
461,1.0,5e-26,26.647954575090225,-116.58957498498303,-420.83579575427177,3.2750714573193704,46.0,2.4307422195277284,0.0
462,2.0,5e-26,8.48409211688385,-61.442628632837184,-205.96820305582793,-81.15290190669606,46.0,2.4307422195277284,0.0
463,3.0,5e-26,-136.81688769133535,140.3464970793946,276.5350047473095,57.716755120251136,46.0,2.4307422195277284,1.0
464,4.0,5e-26,-83.77502415396107,-60.59515088106615,-18.691406939464855,-494.5884559716594,46.0,2.4307422195277284,0.0
465,5.0,5e-26,-135.2373880601011,-115.26325829461798,228.56471948904127,203.4202504627573,46.0,2.4307422195277284,0.0
466,6.0,5e-26,41.24329809560585,-71.0598140690711,-393.83945333533086,275.2922618138921,46.0,2.4307422195277284,0.0
467,7.0,5e-26,-160.74609668978826,76.92366746663527,-77.59225906516838,206.83366256075206,46.0,2.4307422195277284,0.0
468,8.0,5e-26,10.209736885519277,107.74180759297435,-160.57163121707575,-181.47563798092736,46.0,2.4307422195277284,0.0
469,9.0,5e-26,-46.86249931832195,-78.23364112109994,584.7977737101611,283.7814563856423,46.0,2.4307422195277284,0.0
470,0.0,5e-26,-38.587624700732846,93.61285165096345,323.99477197646866,-54.14929966331846,47.0,2.495455607111866,0.0
471,1.0,5e-26,-0.5857553848348793,-116.37763401639978,-420.83579575427177,3.2750714573193704,47.0,2.495455607111866,0.0
472,2.0,5e-26,-4.84480803747627,-66.6943078275027,-153.1808680067594,-167.47969085677676,47.0,2.495455607111866,0.0
473,3.0,5e-26,-118.92137074854142,144.08154382359015,276.5350047473095,57.716755120251136,47.0,2.495455607111866,0.0
474,4.0,5e-26,-84.9846084157275,-92.60164532700026,-18.691406939464855,-494.5884559716594,47.0,2.495455607111866,0.0
475,5.0,5e-26,-120.44619077974711,-102.09924478395925,228.56471948904127,203.4202504627573,47.0,2.495455607111866,0.0
476,6.0,5e-26,15.756612905991762,-53.24471923139485,-393.83945333533086,275.2922618138921,47.0,2.495455607111866,0.0
477,7.0,5e-26,-165.76735462420132,90.30857443737591,-77.59225906516838,206.83366256075206,47.0,2.495455607111866,0.0
478,8.0,5e-26,-0.18139732044853396,95.99790429523598,-160.57163121707575,-181.47563798092736,47.0,2.495455607111866,0.0
479,9.0,5e-26,-9.018254329875575,-59.869181744824864,532.0104386610925,370.1082453357229,47.0,2.495455607111866,0.0
480,0.0,5e-26,-38.58762470073098,93.61285165096314,323.99477197646866,-54.14929966331846,48.0,2.4954556071118716,0.0
481,1.0,5e-26,-0.5857553848373088,-116.37763401639977,-420.83579575427177,3.2750714573193704,48.0,2.4954556071118716,0.0
482,2.0,5e-26,-4.844808037477154,-66.69430782750366,-205.96820305605576,-81.1529019062024,48.0,2.4954556071118716,0.0
483,3.0,5e-26,-118.92137074853983,144.0815438235905,276.5350047473095,57.716755120251136,48.0,2.4954556071118716,0.0
484,4.0,5e-26,-84.9846084157276,-92.60164532700311,-18.691406939464855,-494.5884559716594,48.0,2.4954556071118716,0.0
485,5.0,5e-26,-120.44619077974579,-102.09924478395807,228.56471948904127,203.4202504627573,48.0,2.4954556071118716,0.0
486,6.0,5e-26,15.756612905989488,-53.24471923139326,-393.83945333533086,275.2922618138921,48.0,2.4954556071118716,0.0
487,7.0,5e-26,-165.76735462420177,90.3085744373771,-77.59225906516838,206.83366256075206,48.0,2.4954556071118716,0.0
488,8.0,5e-26,-0.18139732044946097,95.99790429523493,-160.57163121707575,-181.47563798092736,48.0,2.4954556071118716,0.0
489,9.0,5e-26,-9.018254329872503,-59.869181744822725,584.7977737103888,283.7814563851486,48.0,2.4954556071118716,0.0
490,0.0,5e-26,-32.17132160025824,92.54049385580892,323.99477197646866,-54.14929966331846,49.0,2.51525933129338,0.0
491,1.0,5e-26,-8.919871409660576,-116.31277540458429,-420.83579575427177,3.2750714573193704,49.0,2.51525933129338,0.0
492,2.0,5e-26,-8.92374552096023,-68.30143751338312,-205.96820305605576,-81.1529019062024,49.0,2.51525933129338,0.0
493,3.0,5e-26,-113.44494778799195,145.22455052264363,276.5350047473095,57.716755120251136,49.0,2.51525933129338,0.0
494,4.0,5e-26,-85.3547678833211,-102.39633869242404,-18.691406939464855,-494.5884559716594,49.0,2.51525933129338,0.0
495,5.0,5e-26,-115.91975811736094,-98.07076625086023,228.56471948904127,203.4202504627573,49.0,2.51525933129338,0.0
496,6.0,5e-26,7.957125000340487,-47.79290720912731,12.641955036198965,761.8113863024066,49.0,2.51525933129338,0.0
497,7.0,5e-26,-167.30397032134852,94.40465124218144,-77.59225906516838,206.83366256075206,49.0,2.51525933129338,0.0
498,8.0,5e-26,-3.3613136164473376,92.40401081499735,-160.57163121707575,-181.47563798092736,49.0,2.51525933129338,0.0
499,9.0,5e-26,2.56291948264829,-54.249252054744446,178.316365338859,-202.73766810336593,49.0,2.51525933129338,0.0
500,0.0,5e-26,-24.75807638184182,91.30151696009887,323.99477197646866,-54.14929966331846,50.0,2.53814008697099,0.0
501,1.0,5e-26,-18.548912432706487,-116.23783929474264,-420.83579575427177,3.2750714573193704,50.0,2.53814008697099,0.0
502,2.0,5e-26,-13.636453652442126,-70.15827723442796,-205.96820305605576,-81.1529019062024,50.0,2.53814008697099,0.0
503,3.0,5e-26,-107.11761790806214,146.5451534950545,276.5350047473095,57.716755120251136,50.0,2.53814008697099,0.0
504,4.0,5e-26,-85.78244139877377,-113.71289631447776,-18.691406939464855,-494.5884559716594,50.0,2.53814008697099,0.0
505,5.0,5e-26,-110.69002461421081,-93.41635720014372,228.56471948904127,203.4202504627573,50.0,2.53814008697099,0.0
506,6.0,5e-26,8.246382484811082,-30.36208700672087,12.641955036198965,761.8113863024066,50.0,2.53814008697099,0.0
507,7.0,5e-26,-169.07933984349242,99.13716174113917,218.38593326933028,33.29124186951978,50.0,2.53814008697099,1.0
508,8.0,5e-26,-7.03531387908048,88.25171108091742,-160.57163121707575,-181.47563798092736,50.0,2.53814008697099,0.0
509,9.0,5e-26,6.642932671286097,-58.888043105265865,178.316365338859,-202.73766810336593,50.0,2.53814008697099,0.0
