,ball,mass,x,y,v_x,v_y,collision,t,container
0,0.0,5e-26,-45.342168227987095,-19.173532413477005,-245.71430131760565,-303.0940472506685,0.0,0.0,1.0
1,1.0,5e-26,-10.378893458927053,-94.5914690429469,-293.3291500178342,-473.3278481394539,0.0,0.0,1.0
2,2.0,5e-26,-20.987959842994627,-28.379841979814472,-60.62571476047464,6.857362435836706,0.0,0.0,1.0
3,3.0,5e-26,46.00616391831667,68.2449044835976,136.0997642360761,-135.76983956694744,0.0,0.0,1.0
4,4.0,5e-26,81.50052589101205,-19.761799361715177,-470.27827722356443,-174.34026381967868,0.0,0.0,1.0
5,5.0,5e-26,-21.773569834775685,56.80201898872821,117.34583639638299,-42.11070031263364,0.0,0.0,1.0
6,6.0,5e-26,77.73244790709649,27.07313874832272,-272.9333005217628,360.19833821805514,0.0,0.0,1.0
7,7.0,5e-26,1.7103466968463295,87.9298171574186,184.85492664137428,-490.49740966360724,0.0,0.0,1.0
8,8.0,5e-26,-44.09454789544701,9.63148002791418,-11.573682226192602,97.57971166144864,0.0,0.0,1.0
9,9.0,5e-26,71.56688943038725,11.649489649187984,405.05019362665314,67.42792413234565,0.0,0.0,1.0
10,0.0,5e-26,-45.342168227987095,-19.173532413477005,-245.71430131760565,-303.0940472506685,1.0,0.0,1.0
11,1.0,5e-26,-10.378893458927053,-94.5914690429469,-183.71566473158538,525.6708063101307,1.0,0.0,1.0
12,2.0,5e-26,-20.987959842994627,-28.379841979814472,-60.62571476047464,6.857362435836706,1.0,0.0,1.0
13,3.0,5e-26,46.00616391831667,68.2449044835976,136.0997642360761,-135.76983956694744,1.0,0.0,1.0
14,4.0,5e-26,81.50052589101205,-19.761799361715177,-470.27827722356443,-174.34026381967868,1.0,0.0,1.0
15,5.0,5e-26,-21.773569834775685,56.80201898872821,117.34583639638299,-42.11070031263364,1.0,0.0,1.0
16,6.0,5e-26,77.73244790709649,27.07313874832272,-272.9333005217628,360.19833821805514,1.0,0.0,1.0
17,7.0,5e-26,1.7103466968463295,87.9298171574186,184.85492664137428,-490.49740966360724,1.0,0.0,1.0
18,8.0,5e-26,-44.09454789544701,9.63148002791418,-11.573682226192602,97.57971166144864,1.0,0.0,1.0
19,9.0,5e-26,71.56688943038725,11.649489649187984,405.05019362665314,67.42792413234565,1.0,0.0,1.0
20,0.0,5e-26,-59.39917138122728,-36.51315796674838,-245.71430131760565,-303.0940472506685,2.0,0.057208730130324695,1.0
21,1.0,5e-26,-20.88903334326953,-64.51850974736044,-183.71566473158538,525.6708063101307,2.0,0.057208730130324695,1.0
22,2.0,5e-26,-24.456279997684664,-27.987540982816864,-60.62571476047464,6.857362435836706,2.0,0.057208730130324695,1.0
23,3.0,5e-26,53.79225860129917,60.47768437197462,136.0997642360761,-135.76983956694744,2.0,0.057208730130324695,1.0
24,4.0,5e-26,54.59650284317513,-29.735584465424786,-470.27827722356443,-174.34026381967868,2.0,0.057208730130324695,1.0
25,5.0,5e-26,-15.060363548457778,54.39291929894377,117.34583639638299,-42.11070031263364,2.0,0.057208730130324695,1.0
26,6.0,5e-26,62.11828037396815,47.679628272830854,-272.9333005217628,360.19833821805514,2.0,0.057208730130324695,1.0
27,7.0,5e-26,12.285662308333679,59.86908321834997,184.85492664137428,-490.49740966360724,2.0,0.057208730130324695,1.0
28,8.0,5e-26,-44.756663558539394,15.213891418548892,-11.573682226192602,97.57971166144864,2.0,0.057208730130324695,1.0
29,9.0,5e-26,94.73929664681022,15.506955564123356,-405.41020117150356,-65.22846844643578,2.0,0.057208730130324695,1.0
30,0.0,5e-26,-62.21142057433485,-39.98212979804051,-245.71430131760565,-303.0940472506685,3.0,0.06865392960804052,1.0
31,1.0,5e-26,-22.99169577330369,-58.50210250952927,-183.71566473158538,525.6708063101307,3.0,0.06865392960804052,1.0
32,2.0,5e-26,-25.150153396597396,-27.90905710184772,-60.62571476047464,6.857362435836706,3.0,0.06865392960804052,1.0
33,3.0,5e-26,55.34994755185115,58.92377147507343,-149.93142051605184,423.1458845906336,3.0,0.06865392960804052,1.0
34,4.0,5e-26,49.21407415031489,-31.73094356183861,-470.27827722356443,-174.34026381967868,3.0,0.06865392960804052,1.0
35,5.0,5e-26,-13.717317043021769,53.91095393371936,117.34583639638299,-42.11070031263364,3.0,0.06865392960804052,1.0
36,6.0,5e-26,58.99450430538521,51.80217010527825,13.097884230365139,-198.7173859395259,3.0,0.06865392960804052,1.0
37,7.0,5e-26,14.401363818182734,54.25524252144709,184.85492664137428,-490.49740966360724,3.0,0.06865392960804052,1.0
38,8.0,5e-26,-44.88912666030986,16.330710683492164,-11.573682226192602,97.57971166144864,3.0,0.06865392960804052,1.0
39,9.0,5e-26,90.09929602410145,14.760402731128005,-405.41020117150356,-65.22846844643578,3.0,0.06865392960804052,1.0
40,0.0,5e-26,-73.26633410351754,-53.618611132658174,-245.71430131760565,-303.0940472506685,4.0,0.11364485390468253,1.0
41,1.0,5e-26,-31.25723333734971,-34.851687057875424,-360.3994997843623,146.5700352315618,4.0,0.11364485390468253,1.0
42,2.0,5e-26,-27.877760339815723,-27.600538027622353,116.05812029230233,385.95813351440563,4.0,0.11364485390468253,1.0
43,3.0,5e-26,48.60439436172547,77.96149593512624,-149.93142051605184,423.1458845906336,4.0,0.11364485390468253,1.0
44,4.0,5e-26,28.055819781394284,-39.57467317320637,-470.27827722356443,-174.34026381967868,4.0,0.11364485390468253,1.0
45,5.0,5e-26,-8.437819401185964,52.01635460387509,117.34583639638299,-42.11070031263364,4.0,0.11364485390468253,1.0
46,6.0,5e-26,59.58379022323975,42.86169123804645,13.097884230365139,-198.7173859395259,4.0,0.11364485390468253,1.0
47,7.0,5e-26,22.718157828566113,32.187310695572734,184.85492664137428,-490.49740966360724,4.0,0.11364485390468253,1.0
48,8.0,5e-26,-45.40983732118188,20.720912103740556,-11.573682226192602,97.57971166144864,4.0,0.11364485390468253,1.0
49,9.0,5e-26,71.85951635410792,11.825713645268511,-405.41020117150356,-65.22846844643578,4.0,0.11364485390468253,1.0
50,0.0,5e-26,-76.65274294465567,-57.79582164015442,358.9947408460142,152.8538367058303,5.0,0.12742674947599858,1.0
51,1.0,5e-26,-36.22422160733233,-32.831674138429925,-360.3994997843623,146.5700352315618,5.0,0.12742674947599858,1.0
52,2.0,5e-26,-26.278259445743977,-22.281303336626756,116.05812029230233,385.95813351440563,5.0,0.12742674947599858,1.0
53,3.0,5e-26,46.53805518131417,83.7932483279865,-149.93142051605184,423.1458845906336,5.0,0.12742674947599858,1.0
54,4.0,5e-26,21.5744936752407,-41.97741248304487,-470.27827722356443,-174.34026381967868,5.0,0.12742674947599858,1.0
55,5.0,5e-26,-6.820571338242275,51.435989329731385,117.34583639638299,-42.11070031263364,5.0,0.12742674947599858,1.0
56,6.0,5e-26,59.76430389590783,40.122988976822995,13.097884230365139,-198.7173859395259,5.0,0.12742674947599858,1.0
57,7.0,5e-26,25.265809123380823,25.42732661758787,184.85492664137428,-490.49740966360724,5.0,0.12742674947599858,1.0
58,8.0,5e-26,-45.56934460099887,22.065745499737773,-11.573682226192602,97.57971166144864,5.0,0.12742674947599858,1.0
59,9.0,5e-26,66.27219529801603,10.926741704862849,-405.41020117150356,-65.22846844643578,5.0,0.12742674947599858,1.0
60,0.0,5e-26,-76.4709135440047,-57.7184017831116,358.9947408460142,152.8538367058303,6.0,0.12793324547708892,1.0
61,1.0,5e-26,-36.406762512768076,-32.75743700170547,-360.3994997843623,146.5700352315618,6.0,0.12793324547708892,1.0
62,2.0,5e-26,-26.219476471921865,-22.085817085413417,116.05812029230233,385.95813351440563,6.0,0.12793324547708892,1.0
63,3.0,5e-26,46.462115516385,84.0075700264095,-438.11477465041196,-97.91483410071066,6.0,0.12793324547708892,1.0
64,4.0,5e-26,21.336299608427307,-42.06571512949858,-470.27827722356443,-174.34026381967868,6.0,0.12793324547708892,1.0
65,5.0,5e-26,-6.761136141362905,51.41466042841992,117.34583639638299,-42.11070031263364,6.0,0.12793324547708892,1.0
66,6.0,5e-26,59.77093792189326,40.0223394154975,13.097884230365139,-198.7173859395259,6.0,0.12793324547708892,1.0
67,7.0,5e-26,25.35943740450653,25.17889164104808,184.85492664137428,-490.49740966360724,6.0,0.12793324547708892,1.0
68,8.0,5e-26,-45.57520662476433,22.115169233481847,-11.573682226192602,97.57971166144864,6.0,0.12793324547708892,1.0
69,9.0,5e-26,66.06685665232143,10.893703746437481,-405.41020117150356,-65.22846844643578,6.0,0.12793324547708892,1.0
70,0.0,5e-26,-39.31395899882969,-41.897604383268025,358.9947408460142,152.8538367058303,7.0,0.2314360278788873,1.0
71,1.0,5e-26,-73.70911351666592,-17.587030538509204,-301.9517023677312,254.63417582227657,7.0,0.2314360278788873,1.0
72,2.0,5e-26,-14.207138101345954,17.861923623932356,116.05812029230233,385.95813351440563,7.0,0.2314360278788873,1.0
73,3.0,5e-26,1.1160173287304715,73.87311225857545,-438.11477465041196,-97.91483410071066,7.0,0.2314360278788873,1.0
74,4.0,5e-26,-27.338810587335903,-60.11041751949891,-470.27827722356443,-174.34026381967868,7.0,0.2314360278788873,1.0
75,5.0,5e-26,5.384484428928958,47.05608577717406,117.34583639638299,-42.11070031263364,7.0,0.2314360278788873,1.0
76,6.0,5e-26,61.126605383312686,19.454537059144556,13.097884230365139,-198.7173859395259,7.0,0.2314360278788873,1.0
77,7.0,5e-26,44.4924366525691,-25.588955020010022,184.85492664137428,-490.49740966360724,7.0,0.2314360278788873,1.0
78,8.0,5e-26,-46.7731149378095,32.21494089640699,-70.02147964282375,-10.48442892926613,7.0,0.2314360278788873,1.0
79,9.0,5e-26,24.10577281699799,4.142375770423466,-405.41020117150356,-65.22846844643578,7.0,0.2314360278788873,1.0
80,0.0,5e-26,-12.820984441333302,-30.61734774964712,358.9947408460142,152.8538367058303,8.0,0.3052336954855562,1.0
81,1.0,5e-26,-95.99244488126756,1.2043777301212408,308.24522764225003,246.97828587800677,8.0,0.3052336954855562,1.0
82,2.0,5e-26,-5.6423195169598355,46.34473367111879,116.05812029230233,385.95813351440563,8.0,0.3052336954855562,1.0
83,3.0,5e-26,-31.215831184491265,66.64722587784908,-438.11477465041196,-97.91483410071066,8.0,0.3052336954855562,1.0
84,4.0,5e-26,-62.044250572517385,-72.97632235932251,-470.27827722356443,-174.34026381967868,8.0,0.3052336954855562,1.0
85,5.0,5e-26,14.044333458335775,43.94841431281828,117.34583639638299,-42.11070031263364,8.0,0.3052336954855562,1.0
86,6.0,5e-26,62.093198690095804,4.78965746391329,13.097884230365139,-198.7173859395259,8.0,0.3052336954855562,1.0
87,7.0,5e-26,58.134299084304395,-61.786519820297,184.85492664137428,-490.49740966360724,8.0,0.3052336954855562,1.0
88,8.0,5e-26,-51.940536817817744,31.44121449523927,-70.02147964282375,-10.48442892926613,8.0,0.3052336954855562,1.0
89,9.0,5e-26,-5.812554453409387,-0.6713330624786904,-405.41020117150356,-65.22846844643578,8.0,0.3052336954855562,1.0
90,0.0,5e-26,-12.645742541794446,-30.542732738204315,358.9947408460142,152.8538367058303,9.0,0.30572184163256066,1.0
91,1.0,5e-26,-95.84197616106147,1.3249392287663624,308.24522764225003,246.97828587800677,9.0,0.30572184163256066,1.0
92,2.0,5e-26,-5.585666192710565,46.533137646898886,116.05812029230233,385.95813351440563,9.0,0.30572184163256066,1.0
93,3.0,5e-26,-31.429695223682604,66.59942912884823,-438.11477465041196,-97.91483410071066,9.0,0.30572184163256066,1.0
94,4.0,5e-26,-62.273815101563976,-73.06142588737383,97.64014173599031,491.95791317840855,9.0,0.30572184163256066,1.0
95,5.0,5e-26,14.101615376239687,43.927858136713006,117.34583639638299,-42.11070031263364,9.0,0.30572184163256066,1.0
96,6.0,5e-26,62.09959237181677,4.6926543376241066,13.097884230365139,-198.7173859395259,9.0,0.30572184163256066,1.0
97,7.0,5e-26,58.22453530449918,-62.025954240939974,184.85492664137428,-490.49740966360724,9.0,0.30572184163256066,1.0
98,8.0,5e-26,-51.97471753331294,31.436096561653905,-70.02147964282375,-10.48442892926613,9.0,0.30572184163256066,1.0
99,9.0,5e-26,-6.01045388106757,-0.7031740880258218,-405.41020117150356,-65.22846844643578,9.0,0.30572184163256066,1.0
100,0.0,5e-26,-4.620721994526887,-27.125815884764602,358.9947408460142,152.8538367058303,10.0,0.32807598678899286,1.0
101,1.0,5e-26,-88.95141759856912,6.845927681770133,308.24522764225003,246.97828587800677,10.0,0.32807598678899286,1.0
102,2.0,5e-26,-2.9912861251137697,55.16090178778555,116.05812029230233,385.95813351440563,10.0,0.32807598678899286,1.0
103,3.0,5e-26,-41.22337649139549,64.41062671439296,-438.11477465041196,-97.91483410071066,10.0,0.32807598678899286,1.0
104,4.0,5e-26,-60.09115320010304,-62.06412728532822,97.64014173599031,491.95791317840855,10.0,0.32807598678899286,1.0
105,5.0,5e-26,16.724781236547376,42.98650942928538,117.34583639638299,-42.11070031263364,10.0,0.32807598678899286,1.0
106,6.0,5e-26,62.392384377144495,0.2504970472251866,13.097884230365139,-198.7173859395259,10.0,0.32807598678899286,1.0
107,7.0,5e-26,62.35680916752208,-72.99060453541423,-455.6104778409093,259.18747128647016,10.0,0.32807598678899286,1.0
108,8.0,5e-26,-53.53998785331679,31.201726115486792,-70.02147964282375,-10.48442892926613,10.0,0.32807598678899286,1.0
109,9.0,5e-26,-15.073052365953735,-2.1613007400092044,-405.41020117150356,-65.22846844643578,10.0,0.32807598678899286,1.0
110,0.0,5e-26,22.82408675356541,-15.440284489743277,358.9947408460142,152.8538367058303,11.0,0.4045250419573647,1.0
111,1.0,5e-26,-65.38636118515942,25.72718428424779,-63.02182279619973,-20.210661893619886,11.0,0.4045250419573647,1.0
112,2.0,5e-26,5.8812475158499895,84.66703642951018,116.05812029230233,385.95813351440563,11.0,0.4045250419573647,1.0
113,3.0,5e-26,-74.71683706872363,56.92513016042575,-438.11477465041196,-97.91483410071066,11.0,0.4045250419573647,1.0
114,4.0,5e-26,-52.62665661788066,-24.45440964023497,97.64014173599031,491.95791317840855,11.0,0.4045250419573647,1.0
115,5.0,5e-26,25.695759556993195,39.767186177906076,117.34583639638299,-42.11070031263364,11.0,0.4045250419573647,1.0
116,6.0,5e-26,63.39370525126063,-14.941259353380273,13.097884230365139,-198.7173859395259,11.0,0.4045250419573647,1.0
117,7.0,5e-26,27.52581861177414,-53.17596724408408,-455.6104778409093,259.18747128647016,11.0,0.4045250419573647,1.0
118,8.0,5e-26,-58.893063813502046,30.400201429864453,301.245570795626,256.7045188423605,11.0,0.4045250419573647,1.0
119,9.0,5e-26,-46.06627920113475,-7.147955522819176,-405.41020117150356,-65.22846844643578,11.0,0.4045250419573647,1.0
120,0.0,5e-26,25.35462792259309,-14.362823227451829,358.9947408460142,152.8538367058303,12.0,0.41157400641590847,1.0
121,1.0,5e-26,-65.83059977416247,25.58472004687602,-63.02182279619973,-20.210661893619886,12.0,0.41157400641590847,1.0
122,2.0,5e-26,6.699337080915824,87.3876415951391,116.05812029230233,385.95813351440563,12.0,0.41157400641590847,1.0
123,3.0,5e-26,-77.80509254399729,56.23493197488563,44.47479943293371,-446.7145203811393,12.0,0.41157400641590847,1.0
124,4.0,5e-26,-51.93839472905649,-20.986615795141017,97.64014173599031,491.95791317840855,12.0,0.41157400641590847,1.0
125,5.0,5e-26,26.522926187109388,39.47034934807793,117.34583639638299,-42.11070031263364,12.0,0.41157400641590847,1.0
126,6.0,5e-26,63.48603177168259,-16.34201114416271,13.097884230365139,-198.7173859395259,12.0,0.41157400641590847,1.0
127,7.0,5e-26,24.314236546533436,-51.34896397088592,-455.6104778409093,259.18747128647016,12.0,0.41157400641590847,1.0
128,8.0,5e-26,-56.769594491669956,32.209702459531826,301.245570795626,256.7045188423605,12.0,0.41157400641590847,1.0
129,9.0,5e-26,-48.924001300323745,-7.607748678583344,-405.41020117150356,-65.22846844643578,12.0,0.41157400641590847,1.0
130,0.0,5e-26,28.99985792896927,-12.810746473244404,358.9947408460142,152.8538367058303,13.0,0.4217279991952616,1.0
131,1.0,5e-26,-66.47052290777675,25.379501131942256,-63.02182279619973,-20.210661893619886,13.0,0.4217279991952616,1.0
132,2.0,5e-26,7.87779039634916,91.306657695977,116.05812029230233,385.95813351440563,13.0,0.4217279991952616,1.0
133,3.0,5e-26,-77.35349575169211,51.698995960503346,44.47479943293371,-446.7145203811393,13.0,0.4217279991952616,1.0
134,4.0,5e-26,-50.94695743489423,-15.99127869698182,203.92098003627677,99.98951685005346,13.0,0.4217279991952616,1.0
135,5.0,5e-26,27.714454962565416,39.042757601169946,117.34583639638299,-42.11070031263364,13.0,0.4217279991952616,1.0
136,6.0,5e-26,63.61902759358252,-18.35978604612459,13.097884230365139,-198.7173859395259,13.0,0.4217279991952616,1.0
137,7.0,5e-26,19.68797104433921,-48.7171762589443,-455.6104778409093,259.18747128647016,13.0,0.4217279991952616,1.0
138,8.0,5e-26,-53.710749140999056,34.81627829028448,301.245570795626,256.7045188423605,13.0,0.4217279991952616,1.0
139,9.0,5e-26,-53.0405335556953,-8.270078076196716,-511.69103947179,326.7399278819193,13.0,0.4217279991952616,1.0
140,0.0,5e-26,32.95813848670069,-11.125378134472935,358.9947408460142,152.8538367058303,14.0,0.432754011856069,1.0
141,1.0,5e-26,-67.16540232383481,25.156658118019905,-63.02182279619973,-20.210661893619886,14.0,0.432754011856069,1.0
142,2.0,5e-26,9.157448700081591,95.56223696264841,40.64863897352287,-400.9748823321811,14.0,0.432754011856069,1.0
143,3.0,5e-26,-76.86311605005771,46.77351600301441,44.47479943293371,-446.7145203811393,14.0,0.432754011856069,1.0
144,4.0,5e-26,-48.69852212720999,-14.888793018245117,203.92098003627677,99.98951685005346,14.0,0.432754011856069,1.0
145,5.0,5e-26,29.008311640364965,38.57844448636738,117.34583639638299,-42.11070031263364,14.0,0.432754011856069,1.0
146,6.0,5e-26,63.76344503093632,-20.55084645941635,13.097884230365139,-198.7173859395259,14.0,0.432754011856069,1.0
147,7.0,5e-26,14.664404147268844,-45.85937191901703,-455.6104778409093,259.18747128647016,14.0,0.432754011856069,1.0
148,8.0,5e-26,-50.389211663394335,37.646705565126815,301.245570795626,256.7045188423605,14.0,0.432754011856069,1.0
149,9.0,5e-26,-58.682445435332944,-4.667439494579384,-511.69103947179,326.7399278819193,14.0,0.432754011856069,1.0
150,0.0,5e-26,46.40422790960968,-5.400262629611239,358.9947408460142,152.8538367058303,15.0,0.4702088486350749,1.0
151,1.0,5e-26,-69.5258744101819,24.399671075598697,204.25320222875496,-286.1086614606725,15.0,0.4702088486350749,1.0
152,2.0,5e-26,10.679936838123629,80.54378819241548,40.64863897352287,-400.9748823321811,15.0,0.4702088486350749,1.0
153,3.0,5e-26,-75.19731969651815,30.041896555326925,-222.80022559202098,-180.8165208140867,15.0,0.4702088486350749,1.0
154,4.0,5e-26,-41.06069510413632,-11.143701985014705,203.92098003627677,99.98951685005346,15.0,0.4702088486350749,1.0
155,5.0,5e-26,33.40348078928742,37.00119507950806,117.34583639638299,-42.11070031263364,15.0,0.4702088486350749,1.0
156,6.0,5e-26,64.25402414693495,-27.993773714932015,13.097884230365139,-198.7173859395259,15.0,0.4702088486350749,1.0
157,7.0,5e-26,-2.4004119350673037,-36.15154748681901,-455.6104778409093,259.18747128647016,15.0,0.4702088486350749,1.0
158,8.0,5e-26,-39.10610797884569,47.26153141880067,301.245570795626,256.7045188423605,15.0,0.4702088486350749,1.0
159,9.0,5e-26,-77.84774980002871,7.570551173422064,-511.69103947179,326.7399278819193,15.0,0.4702088486350749,1.0
160,0.0,5e-26,57.936152435262386,-0.49016588503479674,358.9947408460142,152.8538367058303,16.0,0.5023316716560371,1.0
161,1.0,5e-26,-62.964684943522805,15.209053178733125,204.25320222875496,-286.1086614606725,16.0,0.5023316716560371,1.0
162,2.0,5e-26,11.985685873913091,67.66334301140768,40.64863897352287,-400.9748823321811,16.0,0.5023316716560371,1.0
163,3.0,5e-26,-82.3542919122411,24.23355945794989,-222.80022559202098,-180.8165208140867,16.0,0.5023316716560371,1.0
164,4.0,5e-26,-34.510177552169836,-7.931756431288919,203.92098003627677,99.98951685005346,16.0,0.5023316716560371,1.0
165,5.0,5e-26,37.172960324095214,35.64848050607655,117.34583639638299,-42.11070031263364,16.0,0.5023316716560371,1.0
166,6.0,5e-26,64.67476516401602,-34.37713713465565,13.097884230365139,-198.7173859395259,16.0,0.5023316716560371,1.0
167,7.0,5e-26,-17.035906681246853,-27.82571421743301,-455.6104778409093,259.18747128647016,16.0,0.5023316716560371,1.0
168,8.0,5e-26,-29.42924982232906,55.507605246255075,301.245570795626,256.7045188423605,16.0,0.5023316716560371,1.0
169,9.0,5e-26,-94.28471050239321,18.06636005065491,596.2288426176731,114.44591551817227,16.0,0.5023316716560371,1.0
170,0.0,5e-26,60.208125785129475,0.4772016106621484,358.9947408460142,152.8538367058303,17.0,0.5086603809416186,1.0
171,1.0,5e-26,-61.67202580596793,13.398354636261676,204.25320222875496,-286.1086614606725,17.0,0.5086603809416186,1.0
172,2.0,5e-26,12.242939292831075,65.12568955030706,40.64863897352287,-400.9748823321811,17.0,0.5086603809416186,1.0
173,3.0,5e-26,-83.76432976877497,23.089224263687242,493.5661711833727,275.5849429974762,17.0,0.5086603809416186,1.0
174,4.0,5e-26,-33.219620952289375,-7.298951847539179,203.92098003627677,99.98951685005346,17.0,0.5086603809416186,1.0
175,5.0,5e-26,37.91560800852133,35.38197412598565,117.34583639638299,-42.11070031263364,17.0,0.5086603809416186,1.0
176,6.0,5e-26,64.7576578655662,-35.634761700257606,13.097884230365139,-198.7173859395259,17.0,0.5086603809416186,1.0
177,7.0,5e-26,-19.919332942966836,-26.18539206119594,-455.6104778409093,259.18747128647016,17.0,0.5086603809416186,1.0
178,8.0,5e-26,-27.522754181194482,57.13221351830345,301.245570795626,256.7045188423605,17.0,0.5086603809416186,1.0
179,9.0,5e-26,-90.51135148978723,18.79065497889164,-120.13755415772061,-341.9555482933906,17.0,0.5086603809416186,1.0
180,0.0,5e-26,76.43638226956078,7.386916390454958,358.9947408460142,152.8538367058303,18.0,0.5538651002257715,1.0
181,1.0,5e-26,-52.43881713632774,0.4648929101672312,204.25320222875496,-286.1086614606725,18.0,0.5538651002257715,1.0
182,2.0,5e-26,14.080449606912055,46.99973255448456,40.64863897352287,-400.9748823321811,18.0,0.5538651002257715,1.0
183,3.0,5e-26,-61.452809552276435,35.54696425082744,493.5661711833727,275.5849429974762,18.0,0.5538651002257715,1.0
184,4.0,5e-26,-24.00143029360013,-2.7789538069744335,203.92098003627677,99.98951685005346,18.0,0.5538651002257715,1.0
185,5.0,5e-26,43.22019360198396,33.47837173949396,117.34583639638299,-42.11070031263364,18.0,0.5538651002257715,1.0
186,6.0,5e-26,65.34974404541619,-44.61772534853455,13.097884230365139,-198.7173859395259,18.0,0.5538651002257715,1.0
187,7.0,5e-26,-40.51507669668392,-14.46889517972161,-455.6104778409093,259.18747128647016,18.0,0.5538651002257715,1.0
188,8.0,5e-26,-13.905032717783792,68.73646923154591,301.245570795626,256.7045188423605,18.0,0.5538651002257715,1.0
189,9.0,5e-26,-95.9421359009717,3.3326504106303183,96.12025197274312,-349.4674893152853,18.0,0.5538651002257715,1.0
190,0.0,5e-26,81.35506146492088,9.481206086075955,358.9947408460142,152.8538367058303,19.0,0.5675663571961902,1.0
191,1.0,5e-26,-49.64029152556068,-3.455155381967968,-64.72527310988153,410.1862796779914,19.0,0.5675663571961902,1.0
192,2.0,5e-26,14.637387054986068,41.50587265296795,40.64863897352287,-400.9748823321811,19.0,0.5675663571961902,1.0
193,3.0,5e-26,-54.69033260898739,39.322824372014054,493.5661711833727,275.5849429974762,19.0,0.5675663571961902,1.0
194,4.0,5e-26,-21.207456544463483,-1.408971742263842,203.92098003627677,99.98951685005346,19.0,0.5675663571961902,1.0
195,5.0,5e-26,44.82797906085951,32.90140221330628,117.34583639638299,-42.11070031263364,19.0,0.5675663571961902,1.0
196,6.0,5e-26,65.52920152302522,-47.340403317781856,13.097884230365139,-198.7173859395259,19.0,0.5675663571961902,1.0
197,7.0,5e-26,-46.75751293199747,-10.917701032112667,-186.63200250227283,-437.1074698521938,19.0,0.5675663571961902,1.0
198,8.0,5e-26,-9.777589741112465,72.25364380967278,301.245570795626,256.7045188423605,19.0,0.5675663571961902,1.0
199,9.0,5e-26,-94.62516762863176,-1.4554934632854524,96.12025197274312,-349.4674893152853,19.0,0.5675663571961902,1.0
200,0.0,5e-26,94.78885473225162,15.201086097647591,-388.78903506285303,32.93335035621442,20.0,0.604986942343684,1.0
201,1.0,5e-26,-52.06234911916379,11.894255223056016,-64.72527310988153,410.1862796779914,20.0,0.604986942343684,1.0
202,2.0,5e-26,16.158482910824514,26.50115792665026,40.64863897352287,-400.9748823321811,20.0,0.604986942343684,1.0
203,3.0,5e-26,-36.220797674297486,49.63537419681834,493.5661711833727,275.5849429974762,20.0,0.604986942343684,1.0
204,4.0,5e-26,-13.576614147655604,2.3326944868803494,203.92098003627677,99.98951685005346,20.0,0.604986942343684,1.0
205,5.0,5e-26,49.21912892343424,31.325595166636777,117.34583639638299,-42.11070031263364,20.0,0.604986942343684,1.0
206,6.0,5e-26,66.01933201511962,-54.776524178619276,13.097884230365139,-198.7173859395259,20.0,0.604986942343684,1.0
207,7.0,5e-26,-53.74139167288104,-27.274518326322266,-186.63200250227283,-437.1074698521938,20.0,0.604986942343684,1.0
208,8.0,5e-26,1.4951957911506302,81.85967711475976,301.245570795626,256.7045188423605,20.0,0.604986942343684,1.0
209,9.0,5e-26,-91.02829155528717,-14.532771403488965,96.12025197274312,-349.4674893152853,20.0,0.604986942343684,1.0
210,0.0,5e-26,75.51730464345995,16.833531083856904,-388.78903506285303,32.93335035621442,21.0,0.6545550843199004,1.0
211,1.0,5e-26,-55.27066064612378,32.2264269708307,-64.72527310988153,410.1862796779914,21.0,0.6545550843199004,1.0
212,2.0,5e-26,18.17336041860406,6.625578030312045,40.64863897352287,-400.9748823321811,21.0,0.6545550843199004,1.0
213,3.0,5e-26,-11.755639626422543,63.29560777782474,493.5661711833727,275.5849429974762,21.0,0.6545550843199004,1.0
214,4.0,5e-26,-3.468630057288248,7.288989054237081,203.92098003627677,99.98951685005346,21.0,0.6545550843199004,1.0
215,5.0,5e-26,55.035744002248016,29.238245994822254,117.34583639638299,-42.11070031263364,21.0,0.6545550843199004,1.0
216,6.0,5e-26,66.6685698002384,-64.62657577801228,13.097884230365139,-198.7173859395259,21.0,0.6545550843199004,1.0
217,7.0,5e-26,-62.992393270219274,-48.941123450820534,-186.63200250227283,-437.1074698521938,21.0,0.6545550843199004,1.0
218,8.0,5e-26,16.427379014054566,94.5840431506742,197.04569876631638,-343.24786454654674,21.0,0.6545550843199004,1.0
219,9.0,5e-26,-86.26378925871255,-31.855225529940913,96.12025197274312,-349.4674893152853,21.0,0.6545550843199004,1.0
220,0.0,5e-26,67.33723020024037,17.526444806423473,-388.78903506285303,32.93335035621442,22.0,0.6755949638059491,1.0
221,1.0,5e-26,-56.632472592057276,40.8566968620863,-64.72527310988153,410.1862796779914,22.0,0.6755949638059491,1.0
222,2.0,5e-26,19.028602883878882,-1.8108851708895966,40.64863897352287,-400.9748823321811,22.0,0.6755949638059491,1.0
223,3.0,5e-26,-1.371066866333905,69.09388176666124,493.5661711833727,275.5849429974762,22.0,0.6755949638059491,1.0
224,4.0,5e-26,0.8218427873519554,9.39275643863044,203.92098003627677,99.98951685005346,22.0,0.6755949638059491,1.0
225,5.0,5e-26,57.5046862582175,28.352241935171328,117.34583639638299,-42.11070031263364,22.0,0.6755949638059491,1.0
226,6.0,5e-26,66.9441477059675,-68.80756562996253,-198.2830021601056,18.547374486058573,22.0,0.6755949638059491,1.0
227,7.0,5e-26,-66.91910811110704,-58.13781193896235,-186.63200250227283,-437.1074698521938,22.0,0.6755949638059491,1.0
228,8.0,5e-26,20.573196769342115,87.3621494467713,197.04569876631638,-343.24786454654674,22.0,0.6755949638059491,1.0
229,9.0,5e-26,-84.2414307410374,-39.20797938942653,96.12025197274312,-349.4674893152853,22.0,0.6755949638059491,1.0
230,0.0,5e-26,60.70972225361326,18.08784448982653,-388.78903506285303,32.93335035621442,23.0,0.6926415040859641,1.0
231,1.0,5e-26,-57.73581456725985,47.84895380092671,-64.72527310988153,410.1862796779914,23.0,0.6926415040859641,1.0
232,2.0,5e-26,19.721521545468832,-8.646119653839424,40.64863897352287,-400.9748823321811,23.0,0.6926415040859641,1.0
233,3.0,5e-26,7.042528751596269,73.79165159803337,493.5661711833727,275.5849429974762,23.0,0.6926415040859641,1.0
234,4.0,5e-26,4.297989987480495,11.097231765194122,203.92098003627677,99.98951685005346,23.0,0.6926415040859641,1.0
235,5.0,5e-26,59.5050267850405,27.634400186072376,117.34583639638299,-42.11070031263364,23.0,0.6926415040859641,1.0
236,6.0,5e-26,63.56410852280294,-68.4913970636974,-198.2830021601056,18.547374486058573,23.0,0.6926415040859641,1.0
237,7.0,5e-26,-70.1005380593019,-65.58898203049324,448.53908119287064,157.18504127699345,23.0,0.6926415040859641,1.0
238,8.0,5e-26,23.93214421036584,81.51096089774943,197.04569876631638,-343.24786454654674,23.0,0.6926415040859641,1.0
239,9.0,5e-26,-82.60291299405884,-45.16519102259527,96.12025197274312,-349.4674893152853,23.0,0.6926415040859641,1.0
240,0.0,5e-26,53.1844706183614,18.725289804050373,-388.78903506285303,32.93335035621442,24.0,0.7119971210313734,1.0
241,1.0,5e-26,-58.98861216026172,55.7883623066364,-64.72527310988153,410.1862796779914,24.0,0.7119971210313734,1.0
242,2.0,5e-26,20.508301030792573,-16.407235880991657,40.64863897352287,-400.9748823321811,24.0,0.7119971210313734,1.0
243,3.0,5e-26,16.595806498233905,79.12576819061495,493.5661711833727,275.5849429974762,24.0,0.7119971210313734,1.0
244,4.0,5e-26,8.245006364195108,13.032590551900297,203.92098003627677,99.98951685005346,24.0,0.7119971210313734,1.0
245,5.0,5e-26,61.776327844467545,26.819321601518116,117.34583639638299,-42.11070031263364,24.0,0.7119971210313734,1.0
246,6.0,5e-26,59.72621868620619,-68.1324011878022,-198.2830021601056,18.547374486058573,24.0,0.7119971210313734,1.0
247,7.0,5e-26,-61.41878741868689,-62.54656858198742,448.53908119287064,157.18504127699345,24.0,0.7119971210313734,1.0
248,8.0,5e-26,27.746085276427156,74.86718671425676,197.04569876631638,-343.24786454654674,24.0,0.7119971210313734,1.0
249,9.0,5e-26,-80.74244621617821,-51.92934988065582,278.1172871267292,-232.41644418780092,24.0,0.7119971210313734,1.0
250,0.0,5e-26,38.69505740510243,19.95265189190112,-388.78903506285303,32.93335035621442,25.0,0.7492651813585288,1.0
251,1.0,5e-26,-61.40079754321239,71.07520932304725,-64.72527310988153,410.1862796779914,25.0,0.7492651813585288,1.0
252,2.0,5e-26,22.023196960274586,-31.350791985421445,40.64863897352287,-400.9748823321811,25.0,0.7492651813585288,1.0
253,3.0,5e-26,34.990060341338975,89.39628447150059,175.35875594708784,-537.4048128331438,25.0,0.7492651813585288,1.0
254,4.0,5e-26,15.844745750159735,16.759005897951216,203.92098003627677,99.98951685005346,25.0,0.7492651813585288,1.0
255,5.0,5e-26,66.14957955442846,25.24993748184812,117.34583639638299,-42.11070031263364,25.0,0.7492651813585288,1.0
256,6.0,5e-26,52.336595799853875,-67.44117651654543,-198.2830021601056,18.547374486058573,25.0,0.7492651813585288,1.0
257,7.0,5e-26,-44.7026058817041,-56.68858698115001,448.53908119287064,157.18504127699345,25.0,0.7492651813585288,1.0
258,8.0,5e-26,35.08959626525674,62.07500459116877,197.04569876631638,-343.24786454654674,25.0,0.7492651813585288,1.0
259,9.0,5e-26,-70.37755438151444,-60.59105994366975,278.1172871267292,-232.41644418780092,25.0,0.7492651813585288,1.0
260,0.0,5e-26,36.41634430119794,20.145676000721604,-388.78903506285303,32.93335035621442,26.0,0.7551262342648591,1.0
261,1.0,5e-26,-61.780155793286085,73.47933280969076,392.9808356985349,-134.19466378698263,26.0,0.7551262342648591,1.0
262,2.0,5e-26,22.261440783868725,-33.700926984879935,40.64863897352287,-400.9748823321811,26.0,0.7551262342648591,1.0
263,3.0,5e-26,36.01784728753312,86.24652643136899,175.35875594708784,-537.4048128331438,26.0,0.7551262342648591,1.0
264,4.0,5e-26,17.03993740286308,17.345049746287785,203.92098003627677,99.98951685005346,26.0,0.7551262342648591,1.0
265,5.0,5e-26,66.83734970988525,25.003124439393154,117.34583639638299,-42.11070031263364,26.0,0.7551262342648591,1.0
266,6.0,5e-26,51.17444863376748,-67.33246937340911,-198.2830021601056,18.547374486058573,26.0,0.7551262342648591,1.0
267,7.0,5e-26,-42.07369459627589,-55.767317138141834,448.53908119287064,157.18504127699345,26.0,0.7551262342648591,1.0
268,8.0,5e-26,36.244491530690944,60.063210697076556,197.04569876631638,-343.24786454654674,26.0,0.7551262342648591,1.0
269,9.0,5e-26,-68.74749424749962,-61.95326501935562,278.1172871267292,-232.41644418780092,26.0,0.7551262342648591,1.0
270,0.0,5e-26,28.86120983735826,20.785652614891596,195.4819635383584,144.27406087315495,27.0,0.7745587125049368,1.0
271,1.0,5e-26,-54.143564254806776,70.87159792571569,392.9808356985349,-134.19466378698263,27.0,0.7745587125049368,1.0
272,2.0,5e-26,23.051344576210482,-41.492862660617746,40.64863897352287,-400.9748823321811,27.0,0.7745587125049368,1.0
273,3.0,5e-26,39.42550249668199,75.80341909987592,175.35875594708784,-537.4048128331438,27.0,0.7745587125049368,1.0
274,4.0,5e-26,21.00262741011334,19.288093856712326,-380.35001856493466,-11.351193666887056,27.0,0.7745587125049368,1.0
275,5.0,5e-26,69.11767012222167,24.18480917189347,117.34583639638299,-42.11070031263364,27.0,0.7745587125049368,1.0
276,6.0,5e-26,47.32131850891396,-66.9720479222982,-198.2830021601056,18.547374486058573,27.0,0.7745587125049368,1.0
277,7.0,5e-26,-33.35746866117101,-52.71282224386095,448.53908119287064,157.18504127699345,27.0,0.7745587125049368,1.0
278,8.0,5e-26,40.07357778426828,53.39305403832267,197.04569876631638,-343.24786454654674,27.0,0.7745587125049368,1.0
279,9.0,5e-26,-63.34298611722002,-66.46969251367128,278.1172871267292,-232.41644418780092,27.0,0.7745587125049368,1.0
280,0.0,5e-26,43.70854426628898,31.743621280800305,195.4819635383584,144.27406087315495,28.0,0.8505111643843006,1.0
281,1.0,5e-26,-24.295706241901616,60.679184181967486,392.9808356985349,-134.19466378698263,28.0,0.8505111643843006,1.0
282,2.0,5e-26,26.13870837180861,-71.9478881157863,40.64863897352287,-400.9748823321811,28.0,0.8505111643843006,1.0
283,3.0,5e-26,52.74442996937829,34.986205913428044,123.78095020629817,-365.19049389447036,28.0,0.8505111643843006,1.0
284,4.0,5e-26,-7.885889072255001,18.42594286595475,-380.35001856493466,-11.351193666887056,28.0,0.8505111643843006,1.0
285,5.0,5e-26,78.03037411436165,20.986398232791853,117.34583639638299,-42.11070031263364,28.0,0.8505111643843006,1.0
286,6.0,5e-26,32.26123832885274,-65.5633293541573,-198.2830021601056,18.547374486058573,28.0,0.8505111643843006,1.0
287,7.0,5e-26,0.7101743191445635,-40.77423296011429,448.53908119287064,157.18504127699345,28.0,0.8505111643843006,1.0
288,8.0,5e-26,55.03968173785255,27.32253712365668,248.62350450710605,-515.4621834852201,28.0,0.8505111643843006,1.0
289,9.0,5e-26,-42.219296249907906,-84.12229130681808,278.1172871267292,-232.41644418780092,28.0,0.8505111643843006,1.0
290,0.0,5e-26,47.54350501938905,34.573986554015654,195.4819635383584,144.27406087315495,29.0,0.8701291418369752,1.0
291,1.0,5e-26,-16.586217067834546,58.046556293525214,392.9808356985349,-134.19466378698263,29.0,0.8701291418369752,1.0
292,2.0,5e-26,26.936152454673092,-79.81420431646787,40.64863897352287,-400.9748823321811,29.0,0.8701291418369752,1.0
293,3.0,5e-26,55.17276185959608,27.821907038275235,123.78095020629817,-365.19049389447036,29.0,0.8701291418369752,1.0
294,4.0,5e-26,-15.347587160586244,18.203255404536815,-380.35001856493466,-11.351193666887056,29.0,0.8701291418369752,1.0
295,5.0,5e-26,80.33246208695113,20.16027146354227,117.34583639638299,-42.11070031263364,29.0,0.8701291418369752,1.0
296,6.0,5e-26,28.371326863227164,-65.1994673796835,-198.2830021601056,18.547374486058573,29.0,0.8701291418369752,1.0
297,7.0,5e-26,9.509603900629669,-37.69058036444451,448.53908119287064,157.18504127699345,29.0,0.8701291418369752,1.0
298,8.0,5e-26,59.91717204347789,17.210211630337227,248.62350450710605,-515.4621834852201,29.0,0.8701291418369752,1.0
299,9.0,5e-26,-36.763197581856716,-88.68183186852517,360.9831560250323,-32.52368358350351,29.0,0.8701291418369752,1.0
300,0.0,5e-26,53.377173055563716,38.879483399506924,195.4819635383584,144.27406087315495,30.0,0.899971629249017,1.0
301,1.0,5e-26,-4.8586914253273665,54.04185372869901,392.9808356985349,-134.19466378698263,30.0,0.899971629249017,1.0
302,2.0,5e-26,28.14920895155708,-91.7802921950109,-191.15361469915663,354.8146892381326,30.0,0.899971629249017,1.0
303,3.0,5e-26,58.8666933079781,16.92371432123219,123.78095020629817,-365.19049389447036,30.0,0.899971629249017,1.0
304,4.0,5e-26,-26.698177801780155,17.86450755042109,-380.35001856493466,-11.351193666887056,30.0,0.899971629249017,1.0
305,5.0,5e-26,83.8343537324657,18.903583419550237,117.34583639638299,-42.11070031263364,30.0,0.899971629249017,1.0
306,6.0,5e-26,22.454068867242363,-64.64596759005687,-198.2830021601056,18.547374486058573,30.0,0.899971629249017,1.0
307,7.0,5e-26,22.89512578493669,-32.999787748774565,448.53908119287064,157.18504127699345,30.0,0.899971629249017,1.0
308,8.0,5e-26,67.33671584706892,1.8275379082959855,248.62350450710605,-515.4621834852201,30.0,0.899971629249017,1.0
309,9.0,5e-26,-25.99056229222058,-89.6524194864591,360.9831560250323,-32.52368358350351,30.0,0.899971629249017,1.0
310,0.0,5e-26,66.18542856642259,48.33252449754138,195.4819635383584,144.27406087315495,31.0,0.965493047588697,1.0
311,1.0,5e-26,20.889970309953412,45.249229023759405,392.9808356985349,-134.19466378698263,31.0,0.965493047588697,1.0
312,2.0,5e-26,15.624552995711621,-68.53233050837564,-30.205526501341467,221.56911530400586,31.0,0.965493047588697,1.0
313,3.0,5e-26,66.97699672892807,-7.0040848029017795,123.78095020629817,-365.19049389447036,31.0,0.965493047588697,1.0
314,4.0,5e-26,-51.619250483678314,17.12076124151826,-380.35001856493466,-11.351193666887056,31.0,0.965493047588697,1.0
315,5.0,5e-26,91.52301936941276,16.144430607789275,117.34583639638299,-42.11070031263364,31.0,0.965493047588697,1.0
316,6.0,5e-26,9.462285333062399,-63.43071730725312,-359.2310903579208,151.7929484201853,31.0,0.965493047588697,1.0
317,7.0,5e-26,52.284042565470486,-22.7008009025248,448.53908119287064,157.18504127699345,31.0,0.965493047588697,1.0
318,8.0,5e-26,83.62688049495634,-31.94627545412404,248.62350450710605,-515.4621834852201,31.0,0.965493047588697,1.0
319,9.0,5e-26,-2.3384339127264404,-91.78341736448121,360.9831560250323,-32.52368358350351,31.0,0.965493047588697,1.0
320,0.0,5e-26,69.14204779871397,50.514636112225695,195.4819635383584,144.27406087315495,32.0,0.9806178150034218,1.0
321,1.0,5e-26,26.83371404833793,43.2195659456841,392.9808356985349,-134.19466378698263,32.0,0.9806178150034218,1.0
322,2.0,5e-26,15.167701432739525,-65.18114917311621,-30.205526501341467,221.56911530400586,32.0,0.9806178150034218,1.0
323,3.0,5e-26,68.84915481117196,-12.527506085124118,123.78095020629817,-365.19049389447036,32.0,0.9806178150034218,1.0
324,4.0,5e-26,-57.37195605065921,16.949077077427095,-380.35001856493466,-11.351193666887056,32.0,0.9806178150034218,1.0
325,5.0,5e-26,93.2978478519944,15.507516059889513,117.34583639638299,-42.11070031263364,32.0,0.9806178150034218,1.0
326,6.0,5e-26,4.02899864326086,-61.1348842672025,-359.2310903579208,151.7929484201853,32.0,0.9806178150034218,1.0
327,7.0,5e-26,59.06809184492701,-20.323413712136357,448.53908119287064,157.18504127699345,32.0,0.9806178150034218,1.0
328,8.0,5e-26,87.3872531744601,-39.74252109042419,-551.9008516981481,-151.39471421289593,32.0,0.9806178150034218,1.0
329,9.0,5e-26,3.1213523627854842,-92.2753305141518,360.9831560250323,-32.52368358350351,32.0,0.9806178150034218,1.0
330,0.0,5e-26,70.72164305896858,51.68044506261615,195.4819635383584,144.27406087315495,33.0,0.9886983316488598,1.0
331,1.0,5e-26,30.009202232538065,42.135203731224436,392.9808356985349,-134.19466378698263,33.0,0.9886983316488598,1.0
332,2.0,5e-26,14.923625173061218,-63.39075624878723,-30.205526501341467,221.56911530400586,33.0,0.9886983316488598,1.0
333,3.0,5e-26,69.84936883970208,-15.478433949794097,592.5161016420111,-131.05747548384093,33.0,0.9886983316488598,1.0
334,4.0,5e-26,-60.4453807067658,16.857353568056222,-380.35001856493466,-11.351193666887056,33.0,0.9886983316488598,1.0
335,5.0,5e-26,94.24606283626822,15.167239845062227,117.34583639638299,-42.11070031263364,33.0,0.9886983316488598,1.0
336,6.0,5e-26,1.1262258380648524,-59.90831882083309,-359.2310903579208,151.7929484201853,33.0,0.9886983316488598,1.0
337,7.0,5e-26,62.69251935663545,-19.05327736968376,-20.196070242842325,-76.94797713363599,33.0,0.9886983316488598,1.0
338,8.0,5e-26,82.92760915568182,-40.96586859865282,-551.9008516981481,-151.39471421289593,33.0,0.9886983316488598,1.0
339,9.0,5e-26,6.038282763768487,-92.53813868071926,360.9831560250323,-32.52368358350351,33.0,0.9886983316488598,1.0
340,0.0,5e-26,71.69010643367845,52.395212508917645,195.4819635383584,144.27406087315495,34.0,0.9936525655698826,1.0
341,1.0,5e-26,31.95612121906763,41.47037197587072,392.9808356985349,-134.19466378698263,34.0,0.9936525655698826,1.0
342,2.0,5e-26,14.77397992906592,-62.293051021897114,-30.205526501341467,221.56911530400586,34.0,0.9936525655698826,1.0
343,3.0,5e-26,72.78483220920911,-16.127723340439754,592.5161016420111,-131.05747548384093,34.0,0.9936525655698826,1.0
344,4.0,5e-26,-62.32972367060185,16.801117099347632,-380.35001856493466,-11.351193666887056,34.0,0.9936525655698826,1.0
345,5.0,5e-26,94.82742155943397,14.958613585135351,-98.6846408289559,-76.18856912192996,34.0,0.9936525655698826,1.0
346,6.0,5e-26,-0.6534890152723609,-59.15630104679774,-359.2310903579208,151.7929484201853,34.0,0.9936525655698826,1.0
347,7.0,5e-26,62.592463300367,-19.434495648153305,-20.196070242842325,-76.94797713363599,34.0,0.9936525655698826,1.0
348,8.0,5e-26,80.19336323515749,-41.715913427269896,-551.9008516981481,-151.39471421289593,34.0,0.9936525655698826,1.0
349,9.0,5e-26,7.826677760265564,-92.69926861716526,360.9831560250323,-32.52368358350351,34.0,0.9936525655698826,1.0
350,0.0,5e-26,77.48646148918682,56.67317077669788,-196.7205054861763,-142.58066289264542,35.0,1.0233041761358415,1.0
351,1.0,5e-26,43.60863591908566,37.49128406522932,392.9808356985349,-134.19466378698263,35.0,1.0233041761358415,1.0
352,2.0,5e-26,13.878337420308393,-55.72316990145869,-30.205526501341467,221.56911530400586,35.0,1.0233041761358415,1.0
353,3.0,5e-26,90.35388890915814,-20.013788565244308,592.5161016420111,-131.05747548384093,35.0,1.0233041761358415,1.0
354,4.0,5e-26,-73.60771429984453,16.46453592527832,-380.35001856493466,-11.351193666887056,35.0,1.0233041761358415,1.0
355,5.0,5e-26,91.90126302073224,12.699499803954245,-98.6846408289559,-76.18856912192996,35.0,1.0233041761358415,1.0
356,6.0,5e-26,-11.305269409750217,-54.655395653583724,-359.2310903579208,151.7929484201853,35.0,1.0233041761358415,1.0
357,7.0,5e-26,61.99361729056349,-21.71612709995819,-20.196070242842325,-76.94797713363599,35.0,1.0233041761358415,1.0
358,8.0,5e-26,63.82861410958297,-46.205010534855326,-551.9008516981481,-151.39471421289593,35.0,1.0233041761358415,1.0
359,9.0,5e-26,18.530409723590598,-93.66364821695377,360.9831560250323,-32.52368358350351,35.0,1.0233041761358415,1.0
360,0.0,5e-26,76.51132059789364,55.96640035461762,-196.7205054861763,-142.58066289264542,36.0,1.028261162642577,1.0
361,1.0,5e-26,45.55663661904897,36.82608292756133,392.9808356985349,-134.19466378698263,36.0,1.028261162642577,1.0
362,2.0,5e-26,13.728609033012399,-54.62485478658739,-30.205526501341467,221.56911530400586,36.0,1.028261162642577,1.0
363,3.0,5e-26,93.29098323002117,-20.66343870282454,592.5161016420111,-131.05747548384093,36.0,1.028261162642577,1.0
364,4.0,5e-26,-75.49310420970754,16.40826821143622,-380.35001856493466,-11.351193666887056,36.0,1.028261162642577,1.0
365,5.0,5e-26,91.41208458772107,12.321834094849345,-98.6846408289559,-76.18856912192996,36.0,1.028261162642577,1.0
366,6.0,5e-26,-13.085973077454344,-53.902960056447256,-359.2310903579208,151.7929484201853,36.0,1.028261162642577,1.0
367,7.0,5e-26,61.89350564288064,-22.09755718433022,-20.196070242842325,-76.94797713363599,36.0,1.028261162642577,1.0
368,8.0,5e-26,61.092849034659366,-46.955472090399745,-551.9008516981481,-151.39471421289593,36.0,1.028261162642577,1.0
369,9.0,5e-26,20.319798357165514,-93.82486767762654,315.18143426359813,178.96170658320693,36.0,1.028261162642577,1.0
370,0.0,5e-26,76.3660918175192,55.8611402764895,-196.7205054861763,-142.58066289264542,37.0,1.0289994119675039,1.0
371,1.0,5e-26,45.8467544557126,36.727013807611804,392.9808356985349,-134.19466378698263,37.0,1.0289994119675039,1.0
372,2.0,5e-26,13.706309823463723,-54.46128153678957,-30.205526501341467,221.56911530400586,37.0,1.0289994119675039,1.0
373,3.0,5e-26,93.72840784206666,-20.7601917956271,-592.4397854145873,131.4020290679011,37.0,1.0289994119675039,1.0
374,4.0,5e-26,-75.77389735414901,16.399888200374527,-380.35001856493466,-11.351193666887056,37.0,1.0289994119675039,1.0
375,5.0,5e-26,91.33923071824844,12.26558793512794,-98.6846408289559,-76.18856912192996,37.0,1.0289994119675039,1.0
376,6.0,5e-26,-13.35117518740381,-53.7908990147474,-359.2310903579208,151.7929484201853,37.0,1.0289994119675039,1.0
377,7.0,5e-26,61.87859590765769,-22.154363976503614,-20.196070242842325,-76.94797713363599,37.0,1.0289994119675039,1.0
378,8.0,5e-26,60.68540860346666,-47.067239135964904,-551.9008516981481,-151.39471421289593,37.0,1.0289994119675039,1.0
379,9.0,5e-26,20.552480838240086,-93.69274931855374,315.18143426359813,178.96170658320693,37.0,1.0289994119675039,1.0
380,0.0,5e-26,66.58513076599925,48.772017020089265,-196.7205054861763,-142.58066289264542,38.0,1.0787195010215007,1.0
381,1.0,5e-26,65.38579660315784,30.054843173551866,392.9808356985349,-134.19466378698263,38.0,1.0787195010215007,1.0
382,2.0,5e-26,12.204488355894163,-43.44484539225911,-30.205526501341467,221.56911530400586,38.0,1.0787195010215007,1.0
383,3.0,5e-26,64.27224895212261,-14.226871208495178,-592.4397854145873,131.4020290679011,38.0,1.0787195010215007,1.0
384,4.0,5e-26,-94.68493414888691,15.835505840387738,355.95817803009436,-134.49446722265174,38.0,1.0787195010215007,1.0
385,5.0,5e-26,86.43262158797107,8.477485493488988,-98.6846408289559,-76.18856912192996,38.0,1.0787195010215007,1.0
386,6.0,5e-26,-31.21217699096401,-46.243740101527045,-359.2310903579208,151.7929484201853,38.0,1.0787195010215007,1.0
387,7.0,5e-26,60.87444549664279,-25.980224252112908,-20.196070242842325,-76.94797713363599,38.0,1.0787195010215007,1.0
388,8.0,5e-26,33.24484910805804,-54.59459780893449,-551.9008516981481,-151.39471421289593,38.0,1.0787195010215007,1.0
389,9.0,5e-26,36.223329817992635,-84.79475732998144,315.18143426359813,178.96170658320693,38.0,1.0787195010215007,1.0
390,0.0,5e-26,52.35172113481158,38.455812436221365,-196.7205054861763,-142.58066289264542,39.0,1.1510729630869379,1.0
391,1.0,5e-26,93.81932059131557,20.34539465785633,-302.0914833577903,-284.9260969056891,39.0,1.1510729630869379,1.0
392,2.0,5e-26,10.019013940012798,-27.413552813238258,-30.205526501341467,221.56911530400586,39.0,1.1510729630869379,1.0
393,3.0,5e-26,21.40717941207255,-4.7194794830093265,-592.4397854145873,131.4020290679011,39.0,1.1510729630869379,1.0
394,4.0,5e-26,-68.93012761790436,6.104365508182427,355.95817803009436,-134.49446722265174,39.0,1.1510729630869379,1.0
395,5.0,5e-26,79.29244617131192,2.9649787477054934,-98.6846408289559,-76.18856912192996,39.0,1.1510729630869379,1.0
396,6.0,5e-26,-57.20379005990145,-35.26099476620631,-359.2310903579208,151.7929484201853,39.0,1.1510729630869379,1.0
397,7.0,5e-26,59.413189894456394,-31.547676796663563,-20.196070242842325,-76.94797713363599,39.0,1.1510729630869379,1.0
398,8.0,5e-26,-6.687088229166363,-65.54852952064495,-551.9008516981481,-151.39471421289593,39.0,1.1510729630869379,1.0
399,9.0,5e-26,59.027797765713956,-71.84625828154748,315.18143426359813,178.96170658320693,39.0,1.1510729630869379,1.0
400,0.0,5e-26,45.4035095314651,33.4198320036013,-196.7205054861763,-142.58066289264542,40.0,1.186393183448179,1.0
401,1.0,5e-26,83.14938282986424,10.281742128479067,-302.0914833577903,-284.9260969056891,40.0,1.186393183448179,1.0
402,2.0,5e-26,8.952148087858111,-19.587682835455546,-30.205526501341467,221.56911530400586,40.0,1.186393183448179,1.0
403,3.0,5e-26,0.48207564046296625,-0.0783308604168571,-592.4397854145873,131.4020290679011,40.0,1.186393183448179,1.0
404,4.0,5e-26,-56.35760633049556,1.353991288510656,355.95817803009436,-134.49446722265174,40.0,1.186393183448179,1.0
405,5.0,5e-26,75.80688291096328,0.27398169731128164,-98.6846408289559,-76.18856912192996,40.0,1.186393183448179,1.0
406,6.0,5e-26,-69.8919113319521,-29.89963437872287,-359.2310903579208,151.7929484201853,40.0,1.186393183448179,1.0
407,7.0,5e-26,58.6998602430481,-34.26549630537532,-20.196070242842325,-76.94797713363599,40.0,1.186393183448179,1.0
408,8.0,5e-26,-26.180347928701572,-70.89582418817155,-551.9008516981481,-151.39471421289593,40.0,1.186393183448179,1.0
409,9.0,5e-26,70.16007547767626,-65.52529136880484,157.0375295207357,326.6586035139083,40.0,1.186393183448179,1.0
410,0.0,5e-26,42.379546931324434,31.22810018070335,-196.7205054861763,-142.58066289264542,41.0,1.201765056312511,1.0
411,1.0,5e-26,78.50567095429076,5.901894391114426,-152.12022560747906,-43.055912169596354,41.0,1.201765056312511,1.0
412,2.0,5e-26,8.487832574679274,-16.18175056433981,-30.205526501341467,221.56911530400586,41.0,1.201765056312511,1.0
413,3.0,5e-26,-8.624833420702302,1.941564424530199,-592.4397854145873,131.4020290679011,41.0,1.201765056312511,1.0
414,4.0,5e-26,-50.885862472797626,-0.7134405625920368,355.95817803009436,-134.49446722265174,41.0,1.201765056312511,1.0
415,5.0,5e-26,74.2899151584783,-0.8971793009464093,-248.65589857926716,-318.0587538580227,41.0,1.201765056312511,1.0
416,6.0,5e-26,-75.41396598184949,-27.566292473905648,-359.2310903579208,151.7929484201853,41.0,1.201765056312511,1.0
417,7.0,5e-26,58.389408818916,-35.44833082704111,-20.196070242842325,-76.94797713363599,41.0,1.201765056312511,1.0
418,8.0,5e-26,-34.66409765472215,-73.22304448738409,-551.9008516981481,-151.39471421289593,41.0,1.201765056312511,1.0
419,9.0,5e-26,72.57403641639782,-60.50393684554876,157.0375295207357,326.6586035139083,41.0,1.201765056312511,1.0
420,0.0,5e-26,35.17445939083734,26.005939149837253,-196.7205054861763,-142.58066289264542,42.0,1.2383910680375236,1.0
421,1.0,5e-26,72.93411378757968,4.324928047159679,-152.12022560747906,-43.055912169596354,42.0,1.2383910680375236,1.0
422,2.0,5e-26,7.381524606880964,-8.066557549314632,-30.205526501341467,221.56911530400586,42.0,1.2383910680375236,1.0
423,3.0,5e-26,-30.323539947660905,6.754296681861587,-592.4397854145873,131.4020290679011,42.0,1.2383910680375236,1.0
424,4.0,5e-26,-37.84853407065328,-5.639436496038197,355.95817803009436,-134.49446722265174,42.0,1.2383910680375236,1.0
425,5.0,5e-26,65.18264130162052,-12.546402948993235,-248.65589857926716,-318.0587538580227,42.0,1.2383910680375236,1.0
426,6.0,5e-26,-88.57116810928774,-22.006722165293713,-359.2310903579208,151.7929484201853,42.0,1.2383910680375236,1.0
427,7.0,5e-26,57.64970731340248,-38.26662833975366,-20.196070242842325,-76.94797713363599,42.0,1.2383910680375236,1.0
428,8.0,5e-26,-54.87802472006294,-78.76802906525054,-49.18227647139187,570.1719155463879,42.0,1.2383910680375236,1.0
429,9.0,5e-26,78.32569481389129,-48.539735003172126,157.0375295207357,326.6586035139083,42.0,1.2383910680375236,1.0
430,0.0,5e-26,32.229021400125426,23.87112102202191,-196.7205054861763,-142.58066289264542,43.0,1.253363772501822,1.0
431,1.0,5e-26,70.65646260651648,3.680264598803522,-152.12022560747906,-43.055912169596354,43.0,1.253363772501822,1.0
432,2.0,5e-26,6.929266185387844,-4.749068667451689,-30.205526501341467,221.56911530400586,43.0,1.253363772501822,1.0
433,3.0,5e-26,-39.1939657675659,8.721740429104422,-592.4397854145873,131.4020290679011,43.0,1.253363772501822,1.0
434,4.0,5e-26,-32.51887746935855,-7.653182405846234,355.95817803009436,-134.49446722265174,43.0,1.253363772501822,1.0
435,5.0,5e-26,61.45959001888859,-17.30860267279245,-248.65589857926716,-318.0587538580227,43.0,1.253363772501822,1.0
436,6.0,5e-26,-93.94982905960458,-19.733971208833783,267.7988329143208,283.4993131553608,43.0,1.253363772501822,1.0
437,7.0,5e-26,57.34731752231619,-39.41874766050118,-20.196070242842325,-76.94797713363599,43.0,1.253363772501822,1.0
438,8.0,5e-26,-55.61441641055051,-70.23101347993155,-49.18227647139187,570.1719155463879,43.0,1.253363772501822,1.0
439,9.0,5e-26,80.67697133320881,-43.64877227203794,157.0375295207357,326.6586035139083,43.0,1.253363772501822,1.0
440,0.0,5e-26,14.295698465036509,10.873263652584956,-196.7205054861763,-142.58066289264542,44.0,1.344525204253781,1.0
441,1.0,5e-26,56.78896504170769,-0.24477399996347238,-152.12022560747906,-43.055912169596354,44.0,1.344525204253781,1.0
442,2.0,5e-26,4.1756871427038185,15.449489115676354,-30.205526501341467,221.56911530400586,44.0,1.344525204253781,1.0
443,3.0,5e-26,-93.20162483278298,20.70053753404681,-592.4397854145873,131.4020290679011,44.0,1.344525204253781,1.0
444,4.0,5e-26,-0.06922031631646774,-19.913890600580075,355.95817803009436,-134.49446722265174,44.0,1.344525204253781,1.0
445,5.0,5e-26,38.791762290832715,-46.30329405573369,-248.65589857926716,-318.0587538580227,44.0,1.344525204253781,1.0
446,6.0,5e-26,-69.53690402963147,6.110232079105867,267.7988329143208,283.4993131553608,44.0,1.344525204253781,1.0
447,7.0,5e-26,55.50621484321555,-46.43343542642043,-20.196070242842325,-76.94797713363599,44.0,1.344525204253781,1.0
448,8.0,5e-26,-60.097943150503276,-18.25332531396583,-49.18227647139187,570.1719155463879,44.0,1.344525204253781,1.0
449,9.0,5e-26,94.99273736310958,-13.870106281614586,-57.08029042937625,357.9224348544398,44.0,1.344525204253781,1.0
450,0.0,5e-26,14.12479351581138,10.749393795236175,-196.7205054861763,-142.58066289264542,45.0,1.3453939746384582,1.0
451,1.0,5e-26,56.65680749478949,-0.28217970134168263,-152.12022560747906,-43.055912169596354,45.0,1.3453939746384582,1.0
452,2.0,5e-26,4.149445475825869,15.641981801211614,-30.205526501341467,221.56911530400586,45.0,1.3453939746384582,1.0
453,3.0,5e-26,-93.71631897305572,20.8146957253875,592.3632688260907,-131.74653821225255,45.0,1.3453939746384582,1.0
454,4.0,5e-26,0.2400256069397515,-20.03073541060606,355.95817803009436,-134.49446722265174,45.0,1.3453939746384582,1.0
455,5.0,5e-26,38.57573741017173,-46.57961408167289,-248.65589857926716,-318.0587538580227,45.0,1.3453939746384582,1.0
456,6.0,5e-26,-69.30424833454438,6.356527886451587,267.7988329143208,283.4993131553608,45.0,1.3453939746384582,1.0
457,7.0,5e-26,55.48866909550171,-46.50028555011496,-20.196070242842325,-76.94797713363599,45.0,1.3453939746384582,1.0
458,8.0,5e-26,-60.14067125575263,-17.757976839564428,-49.18227647139187,570.1719155463879,45.0,1.3453939746384582,1.0
459,9.0,5e-26,94.94314769723576,-13.559153870201476,-57.08029042937625,357.9224348544398,45.0,1.3453939746384582,1.0
460,0.0,5e-26,5.183732233170636,4.269019817484952,-196.7205054861763,-142.58066289264542,46.0,1.3908445557080003,1.0
461,1.0,5e-26,49.74285484849974,-2.239095927929003,-152.12022560747906,-43.055912169596354,46.0,1.3908445557080003,1.0
462,2.0,5e-26,2.7765867448284487,25.712426838843037,-30.205526501341467,221.56911530400586,46.0,1.3908445557080003,1.0
463,3.0,5e-26,-66.79306420065657,14.82673900974,73.66787501648173,651.5252915799402,46.0,1.3908445557080003,1.0
464,4.0,5e-26,16.41853163486303,-26.143587096514054,355.95817803009436,-134.49446722265174,46.0,1.3908445557080003,1.0
465,5.0,5e-26,27.27418233337493,-61.03556925877446,-248.65589857926716,-318.0587538580227,46.0,1.3908445557080003,1.0
466,6.0,5e-26,-57.1326357688433,19.241736402178798,267.7988329143208,283.4993131553608,46.0,1.3908445557080003,1.0
467,7.0,5e-26,54.57074596764324,-49.99761582296455,-20.196070242842325,-76.94797713363599,46.0,1.3908445557080003,1.0
468,8.0,5e-26,-62.37603429970026,8.156668031552748,469.51311733821706,-213.09991424580483,46.0,1.3908445557080003,1.0
469,9.0,5e-26,92.34881532960239,2.708628771758116,-57.08029042937625,357.9224348544398,46.0,1.3908445557080003,1.0
470,0.0,5e-26,5.183732233170592,4.26901981748492,-196.7205054861763,-142.58066289264542,47.0,1.3908445557080005,1.0
471,1.0,5e-26,49.742854848499704,-2.2390959279290126,-152.12022560747906,-43.055912169596354,47.0,1.3908445557080005,1.0
472,2.0,5e-26,2.776586744828442,25.712426838843086,-30.205526501341467,221.56911530400586,47.0,1.3908445557080005,1.0
473,3.0,5e-26,-66.79306420065656,14.826739009740145,592.3632688260882,-131.7465382122548,47.0,1.3908445557080005,1.0
474,4.0,5e-26,16.418531634863108,-26.143587096514082,355.95817803009436,-134.49446722265174,47.0,1.3908445557080005,1.0
475,5.0,5e-26,27.274182333374874,-61.03556925877453,-248.65589857926716,-318.0587538580227,47.0,1.3908445557080005,1.0
476,6.0,5e-26,-57.132635768843244,19.241736402178862,267.7988329143208,283.4993131553608,47.0,1.3908445557080005,1.0
477,7.0,5e-26,54.570745967643234,-49.99761582296456,-20.196070242842325,-76.94797713363599,47.0,1.3908445557080005,1.0
478,8.0,5e-26,-62.37603429970015,8.1566680315527,-49.1822764713894,570.1719155463902,47.0,1.3908445557080005,1.0
479,9.0,5e-26,92.34881532960237,2.7086287717581956,-57.08029042937625,357.9224348544398,47.0,1.3908445557080005,1.0
480,0.0,5e-26,5.183732233170592,4.26901981748492,-196.7205054861763,-142.58066289264542,48.0,1.3908445557080005,1.0
481,1.0,5e-26,49.742854848499704,-2.2390959279290126,-152.12022560747906,-43.055912169596354,48.0,1.3908445557080005,1.0
482,2.0,5e-26,2.776586744828442,25.712426838843086,-30.205526501341467,221.56911530400586,48.0,1.3908445557080005,1.0
483,3.0,5e-26,-66.79306420065656,14.826739009740145,73.66787501648184,651.5252915799401,48.0,1.3908445557080005,1.0
484,4.0,5e-26,16.418531634863108,-26.143587096514082,355.95817803009436,-134.49446722265174,48.0,1.3908445557080005,1.0
485,5.0,5e-26,27.274182333374874,-61.03556925877453,-248.65589857926716,-318.0587538580227,48.0,1.3908445557080005,1.0
486,6.0,5e-26,-57.132635768843244,19.241736402178862,267.7988329143208,283.4993131553608,48.0,1.3908445557080005,1.0
487,7.0,5e-26,54.570745967643234,-49.99761582296456,-20.196070242842325,-76.94797713363599,48.0,1.3908445557080005,1.0
488,8.0,5e-26,-62.37603429970015,8.1566680315527,469.51311733821694,-213.0999142458047,48.0,1.3908445557080005,1.0
489,9.0,5e-26,92.34881532960237,2.7086287717581956,-57.08029042937625,357.9224348544398,48.0,1.3908445557080005,1.0
490,0.0,5e-26,-12.516851499278921,-8.560150969374277,386.02599251728066,45.53175717650072,49.0,1.4808228916659332,1.0
491,1.0,5e-26,36.05533008279343,-6.1131952581001965,-152.12022560747906,-43.055912169596354,49.0,1.4808228916659332,1.0
492,2.0,5e-26,0.05874373350450002,45.64884713356885,-30.205526501341467,221.56911530400586,49.0,1.4808228916659332,1.0
493,3.0,5e-26,-60.16455139311656,73.44990058061006,73.66787501648184,651.5252915799401,49.0,1.4808228916659332,1.0
494,4.0,5e-26,48.447056164628556,-38.24517545275701,355.95817803009436,-134.49446722265174,49.0,1.4808228916659332,1.0
495,5.0,5e-26,4.900538353087935,-89.65396666777312,-248.65589857926716,-318.0587538580227,49.0,1.4808228916659332,1.0
496,6.0,5e-26,-33.0365424117362,44.75053284511509,267.7988329143208,283.4993131553608,49.0,1.4808228916659332,1.0
497,7.0,5e-26,52.75353717430276,-56.92126676077818,-20.196070242842325,-76.94797713363599,49.0,1.4808228916659332,1.0
498,8.0,5e-26,-20.130025291185795,-11.017707645062965,-113.23338066524002,-401.21233431495085,49.0,1.4808228916659332,1.0
499,9.0,5e-26,87.21282578077158,34.913893861972255,-57.08029042937625,357.9224348544398,49.0,1.4808228916659332,1.0
500,0.0,5e-26,-11.6319377204945,-8.455775408974809,386.02599251728066,45.53175717650072,50.0,1.4831152600451034,1.0
501,1.0,5e-26,35.7066144877786,-6.21189526969411,-152.12022560747906,-43.055912169596354,50.0,1.4831152600451034,1.0
502,2.0,5e-26,-0.01049846032336385,46.15676516729248,-30.205526501341467,221.56911530400586,50.0,1.4831152600451034,1.0
503,3.0,5e-26,-59.995677485868114,74.94343655725758,651.8526544790786,-70.71264544866779,50.0,1.4831152600451034,1.0
504,4.0,5e-26,49.26304343625179,-38.55348631659157,355.95817803009436,-134.49446722265174,50.0,1.4831152600451034,1.0
505,5.0,5e-26,4.33052743389066,-90.38307449783554,-248.65589857926716,-318.0587538580227,50.0,1.4831152600451034,1.0
506,6.0,5e-26,-32.42264883518472,45.40041770610892,267.7988329143208,283.4993131553608,50.0,1.4831152600451034,1.0
507,7.0,5e-26,52.70724034149456,-57.09765987040044,-20.196070242842325,-76.94797713363599,50.0,1.4831152600451034,1.0
508,8.0,5e-26,-20.38959791248934,-11.937434113579636,-113.23338066524002,-401.21233431495085,50.0,1.4831152600451034,1.0
509,9.0,5e-26,87.08197672791742,35.73438393382819,-57.08029042937625,357.9224348544398,50.0,1.4831152600451034,1.0
